-- MariaDB dump 10.19  Distrib 10.4.24-MariaDB, for Win64 (AMD64)
--
-- Host: localhost    Database: pim
-- ------------------------------------------------------
-- Server version	10.3.38-MariaDB-0ubuntu0.20.04.1

/*!40101 SET @OLD_CHARACTER_SET_CLIENT=@@CHARACTER_SET_CLIENT */;
/*!40101 SET @OLD_CHARACTER_SET_RESULTS=@@CHARACTER_SET_RESULTS */;
/*!40101 SET @OLD_COLLATION_CONNECTION=@@COLLATION_CONNECTION */;
/*!40101 SET NAMES utf8 */;
/*!40103 SET @OLD_TIME_ZONE=@@TIME_ZONE */;
/*!40103 SET TIME_ZONE='+00:00' */;
/*!40014 SET @OLD_UNIQUE_CHECKS=@@UNIQUE_CHECKS, UNIQUE_CHECKS=0 */;
/*!40014 SET @OLD_FOREIGN_KEY_CHECKS=@@FOREIGN_KEY_CHECKS, FOREIGN_KEY_CHECKS=0 */;
/*!40101 SET @OLD_SQL_MODE=@@SQL_MODE, SQL_MODE='NO_AUTO_VALUE_ON_ZERO' */;
/*!40111 SET @OLD_SQL_NOTES=@@SQL_NOTES, SQL_NOTES=0 */;

--
-- Table structure for table `atributos`
--

DROP TABLE IF EXISTS `atributos`;
/*!40101 SET @saved_cs_client     = @@character_set_client */;
/*!40101 SET character_set_client = utf8 */;
CREATE TABLE `atributos` (
  `id` int(11) NOT NULL AUTO_INCREMENT,
  `grupo_atributos_id` int(11) NOT NULL,
  `codigo` int(11) DEFAULT NULL,
  `nombre` varchar(500) DEFAULT NULL,
  `UnidadSN` varchar(1) DEFAULT NULL,
  `PosiblesValores` varchar(255) DEFAULT NULL,
  `PosiblesValoresAecoc` varchar(255) DEFAULT NULL,
  `TipoCampo` varchar(1) DEFAULT NULL,
  `Filtro` varchar(1) DEFAULT NULL,
  `Categorias` varchar(5000) DEFAULT NULL,
  `Unidad` varchar(45) DEFAULT NULL,
  `UnidadAecoc` varchar(45) DEFAULT NULL,
  `TagAecoc` varchar(45) DEFAULT NULL,
  `TagUOM` varchar(45) DEFAULT NULL,
  `FechaCreacion` timestamp NULL DEFAULT current_timestamp(),
  `FechaModificacion` timestamp NULL DEFAULT NULL ON UPDATE current_timestamp(),
  PRIMARY KEY (`id`)
) ENGINE=InnoDB AUTO_INCREMENT=1092 DEFAULT CHARSET=utf8 COLLATE=utf8_unicode_ci;
/*!40101 SET character_set_client = @saved_cs_client */;

--
-- Dumping data for table `atributos`
--

LOCK TABLES `atributos` WRITE;
/*!40000 ALTER TABLE `atributos` DISABLE KEYS */;
INSERT INTO `atributos` VALUES (1068,45,1,'Programa','N','','','T','N','VENTILADORES,HORNOS,COCINA','','','','','2023-02-13 15:57:57',NULL),(1069,44,2,'Peso','S','','','T','N','FRIGORIFICOS FD,FRIGORIFICOS,HORNOS,COCINA,VENTILADORES TECHO,VENTILADORES,FRIGORIFICOS 4 PTAS','Kg','','','','2023-02-13 15:58:25',NULL),(1070,46,3,'Vueltas por segundo','S','','','T','N','VENTILADORES,VENTILADORES TECHO','vps','','','','2023-02-13 15:59:22',NULL),(1071,47,4,'Encendido automático','N','Si,No','','O','N','HORNOS,VENTILADORES TECHO,VENTILADORES,COCINA','','','','','2023-02-13 16:00:00','2023-02-16 13:05:11'),(1072,50,5,'Conexión wi-fi','N','Si,No','','O','N','FRIGORIFICOS 4 PTAS,FRIGORIFICOS FD,FRIGORIFICOS','','','','','2023-02-13 16:00:26','2023-02-16 13:05:11'),(1073,49,6,'Calor máximo','S','','','T','N','HORNOS','º','','','','2023-02-13 16:00:55',NULL),(1074,44,7,'Volumen','S','','','T','N','FRIGORIFICOS FD,FRIGORIFICOS,HORNOS,COCINA,VENTILADORES TECHO,VENTILADORES,FRIGORIFICOS 4 PTAS','m^3','','','','2023-02-13 16:01:16',NULL),(1075,44,8,'Fragilidad','N','Resistente,Fragil,Muy fragil','','O','N','FRIGORIFICOS FD,FRIGORIFICOS,HORNOS,COCINA,VENTILADORES TECHO,VENTILADORES,FRIGORIFICOS 4 PTAS','','','','','2023-02-13 16:01:50','2023-02-16 13:05:11'),(1076,39,9,'Material principal','N','',NULL,'T','N',NULL,'',NULL,NULL,NULL,'2023-02-16 13:02:55','2023-02-16 13:06:29'),(1077,39,10,'Acabado','N','','','T','N','TECLADOS MEMBRANA,TECLADOS MECÁNICOS,TECLADOS','','','','','2023-02-16 13:02:55','2023-02-17 11:26:52'),(1078,40,11,'Tipo swicth','N','Azul,Marron,Rojo,Membrana',NULL,'O','N',NULL,'',NULL,NULL,NULL,'2023-02-16 13:02:55','2023-02-16 13:06:29'),(1079,40,12,'Extraibles','N','Sí,No',NULL,'O','N',NULL,'',NULL,NULL,NULL,'2023-02-16 13:02:55','2023-02-16 13:06:29'),(1080,41,13,'Numero botones','N','',NULL,'T','N',NULL,'',NULL,NULL,NULL,'2023-02-16 13:02:55','2023-02-16 13:06:29'),(1081,41,14,'Programables','N','Sí,No',NULL,'O','N',NULL,'',NULL,NULL,NULL,'2023-02-16 13:02:55','2023-02-16 13:06:29'),(1082,42,15,'Software compatible','N','',NULL,'T','N',NULL,'',NULL,NULL,NULL,'2023-02-16 13:02:55','2023-02-16 13:06:29'),(1083,42,16,'Versión','N','',NULL,'T','N',NULL,'',NULL,NULL,NULL,'2023-02-16 13:02:55','2023-02-16 13:06:29'),(1084,43,17,'Largo','S','',NULL,'T','N',NULL,'m',NULL,NULL,NULL,'2023-02-16 13:02:55','2023-02-16 13:06:29'),(1085,43,18,'Ancho','S','',NULL,'T','N',NULL,'m',NULL,NULL,NULL,'2023-02-16 13:02:55','2023-02-16 13:06:29'),(1086,51,19,'Tipo combustible','N','',NULL,'T','N',NULL,'',NULL,NULL,NULL,'2023-02-16 13:02:55','2023-02-16 13:06:29'),(1087,51,20,'Capacidad depósito','S','',NULL,'T','N',NULL,'L',NULL,NULL,NULL,'2023-02-16 13:02:55','2023-02-16 13:06:29'),(1088,52,21,'Peso','S','',NULL,'T','N',NULL,'Kg',NULL,NULL,NULL,'2023-02-16 13:02:55','2023-02-16 13:06:29'),(1089,52,22,'Alto','S','',NULL,'T','N',NULL,'m',NULL,NULL,NULL,'2023-02-16 13:02:55','2023-02-16 13:06:29'),(1090,53,23,'Nombre','N','',NULL,'T','N',NULL,'',NULL,NULL,NULL,'2023-02-16 13:02:55','2023-02-16 13:06:29'),(1091,53,24,'Potencia','S','',NULL,'T','N',NULL,'Caballos',NULL,NULL,NULL,'2023-02-16 13:02:55','2023-02-16 13:06:29');
/*!40000 ALTER TABLE `atributos` ENABLE KEYS */;
UNLOCK TABLES;
/*!50003 SET @saved_cs_client      = @@character_set_client */ ;
/*!50003 SET @saved_cs_results     = @@character_set_results */ ;
/*!50003 SET @saved_col_connection = @@collation_connection */ ;
/*!50003 SET character_set_client  = utf8mb4 */ ;
/*!50003 SET character_set_results = utf8mb4 */ ;
/*!50003 SET collation_connection  = utf8mb4_general_ci */ ;
/*!50003 SET @saved_sql_mode       = @@sql_mode */ ;
/*!50003 SET sql_mode              = 'NO_ZERO_IN_DATE,NO_ZERO_DATE,NO_ENGINE_SUBSTITUTION' */ ;
DELIMITER ;;
/*!50003 CREATE*/ /*!50017 DEFINER=`root`@`localhost`*/ /*!50003 TRIGGER `pim`.`atributos_AFTER_UPDATE` AFTER UPDATE ON `atributos` FOR EACH ROW
BEGIN
SET SQL_SAFE_UPDATES=0;
UPDATE `pim`.`producto_atributos` SET nombre = new.nombre, unidad = new.Unidad WHERE atributo_id = old.codigo;
END */;;
DELIMITER ;
/*!50003 SET sql_mode              = @saved_sql_mode */ ;
/*!50003 SET character_set_client  = @saved_cs_client */ ;
/*!50003 SET character_set_results = @saved_cs_results */ ;
/*!50003 SET collation_connection  = @saved_col_connection */ ;
/*!50003 SET @saved_cs_client      = @@character_set_client */ ;
/*!50003 SET @saved_cs_results     = @@character_set_results */ ;
/*!50003 SET @saved_col_connection = @@collation_connection */ ;
/*!50003 SET character_set_client  = utf8mb4 */ ;
/*!50003 SET character_set_results = utf8mb4 */ ;
/*!50003 SET collation_connection  = utf8mb4_general_ci */ ;
/*!50003 SET @saved_sql_mode       = @@sql_mode */ ;
/*!50003 SET sql_mode              = 'NO_ZERO_IN_DATE,NO_ZERO_DATE,NO_ENGINE_SUBSTITUTION' */ ;
DELIMITER ;;
/*!50003 CREATE*/ /*!50017 DEFINER=`root`@`localhost`*/ /*!50003 TRIGGER `atributos_AFTER_DELETE` AFTER DELETE ON `atributos` FOR EACH ROW BEGIN
DELETE FROM `pim`.`producto_atributos` where atributoId = old.codigo;
END */;;
DELIMITER ;
/*!50003 SET sql_mode              = @saved_sql_mode */ ;
/*!50003 SET character_set_client  = @saved_cs_client */ ;
/*!50003 SET character_set_results = @saved_cs_results */ ;
/*!50003 SET collation_connection  = @saved_col_connection */ ;

--
-- Table structure for table `categorias`
--

DROP TABLE IF EXISTS `categorias`;
/*!40101 SET @saved_cs_client     = @@character_set_client */;
/*!40101 SET character_set_client = utf8 */;
CREATE TABLE `categorias` (
  `id` int(11) NOT NULL AUTO_INCREMENT,
  `empresa_id` int(11) NOT NULL,
  `codigo` varchar(45) DEFAULT NULL,
  `codigoAECOC` varchar(45) DEFAULT NULL,
  `nombre` varchar(500) DEFAULT NULL,
  `padre` varchar(45) DEFAULT NULL,
  `TagAecoc` varchar(45) DEFAULT NULL,
  `FechaCreacion` timestamp NULL DEFAULT current_timestamp(),
  `FechaModificacion` timestamp NULL DEFAULT NULL ON UPDATE current_timestamp(),
  PRIMARY KEY (`id`,`empresa_id`)
) ENGINE=InnoDB AUTO_INCREMENT=150 DEFAULT CHARSET=utf8 COLLATE=utf8_unicode_ci;
/*!40101 SET character_set_client = @saved_cs_client */;

--
-- Dumping data for table `categorias`
--

LOCK TABLES `categorias` WRITE;
/*!40000 ALTER TABLE `categorias` DISABLE KEYS */;
INSERT INTO `categorias` VALUES (128,1,'VENTILADORES',NULL,'Ventiladores','VENTILADORES',NULL,'2023-02-13 15:19:08','2023-02-13 15:26:37'),(129,1,'VENTILADORES TECHO',NULL,'Ventiladores de techo','VENTILADORES',NULL,'2023-02-13 15:20:35','2023-02-13 15:20:50'),(130,1,'COCINA',NULL,'Cocina','COCINA',NULL,'2023-02-13 15:22:08','2023-02-13 15:26:37'),(131,1,'HORNOS',NULL,'Hornos','COCINA',NULL,'2023-02-13 15:22:24','2023-02-13 15:24:22'),(132,1,'FRIGORIFICOS',NULL,'Frigorificos','COCINA',NULL,'2023-02-13 15:22:47','2023-02-13 15:24:22'),(133,1,'FRIGORIFICOS 4 PTAS',NULL,'Frigorificos 4 puertas','FRIGORIFICOS','FG4','2023-02-13 15:24:22','2023-02-13 16:10:11'),(134,1,'FRIGORIFICOS FD',NULL,'Frigorificos French door','FRIGORIFICOS',NULL,'2023-02-13 15:24:22','2023-02-13 15:24:22'),(135,2,'URBANO',NULL,'Urbano','URBANO',NULL,'2023-02-16 11:46:15',NULL),(136,2,'UTILITARIO',NULL,'Utilitario','UTILITARIO',NULL,'2023-02-16 11:46:15',NULL),(137,2,'COMPACTO',NULL,'Compacto','COMPACTO',NULL,'2023-02-16 11:46:15',NULL),(138,2,'BERLINA',NULL,'Berlina','BERLINA',NULL,'2023-02-16 11:46:15',NULL),(139,2,'MONOVOLUMEN',NULL,'Monovolumen','MONOVOLUMEN',NULL,'2023-02-16 11:46:15',NULL),(140,2,'TODOTERRENO',NULL,'Todoterreno','TODOTERRENO',NULL,'2023-02-16 11:46:15',NULL),(141,2,'CROSSOVER',NULL,'Crossover','CROSSOVER',NULL,'2023-02-16 11:46:15',NULL),(142,2,'DEPORTIVO',NULL,'Deportivo','DEPORTIVO',NULL,'2023-02-16 11:46:15',NULL),(143,3,'TECLADOS',NULL,'Teclado','TECLADOS',NULL,'2023-02-16 11:46:15',NULL),(144,3,'RATONES',NULL,'Ratón','RATONES',NULL,'2023-02-16 11:46:15',NULL),(145,3,'TECLADOS MECÁNICOS',NULL,'Teclado mecánico','TECLADOS',NULL,'2023-02-16 11:46:15',NULL),(146,3,'TECLADOS MEMBRANA',NULL,'Teclado de membrana','TECLADOS',NULL,'2023-02-16 11:46:15',NULL),(147,3,'RATONES ÓPTICOS',NULL,'Ratón óptico','RATONES',NULL,'2023-02-16 11:46:15',NULL),(148,3,'RATONES LASER',NULL,'Ratón laser','RATONES',NULL,'2023-02-16 11:46:15',NULL),(149,3,'ALFOMBRILLAS',NULL,'Alfombrilla','ALFOMBRILLAS',NULL,'2023-02-16 11:46:15',NULL);
/*!40000 ALTER TABLE `categorias` ENABLE KEYS */;
UNLOCK TABLES;
/*!50003 SET @saved_cs_client      = @@character_set_client */ ;
/*!50003 SET @saved_cs_results     = @@character_set_results */ ;
/*!50003 SET @saved_col_connection = @@collation_connection */ ;
/*!50003 SET character_set_client  = utf8mb4 */ ;
/*!50003 SET character_set_results = utf8mb4 */ ;
/*!50003 SET collation_connection  = utf8mb4_general_ci */ ;
/*!50003 SET @saved_sql_mode       = @@sql_mode */ ;
/*!50003 SET sql_mode              = 'NO_ZERO_IN_DATE,NO_ZERO_DATE,NO_ENGINE_SUBSTITUTION' */ ;
DELIMITER ;;
/*!50003 CREATE*/ /*!50017 DEFINER=`root`@`localhost`*/ /*!50003 TRIGGER `pim`.`categorias_AFTER_UPDATE` AFTER UPDATE ON `categorias` FOR EACH ROW
BEGIN
SET SQL_SAFE_UPDATES=0;
UPDATE `pim`.`productos` SET categorias = new.codigo where categorias = old.codigo;
END */;;
DELIMITER ;
/*!50003 SET sql_mode              = @saved_sql_mode */ ;
/*!50003 SET character_set_client  = @saved_cs_client */ ;
/*!50003 SET character_set_results = @saved_cs_results */ ;
/*!50003 SET collation_connection  = @saved_col_connection */ ;

--
-- Temporary table structure for view `columnasbbdd`
--

DROP TABLE IF EXISTS `columnasbbdd`;
/*!50001 DROP VIEW IF EXISTS `columnasbbdd`*/;
SET @saved_cs_client     = @@character_set_client;
SET character_set_client = utf8;
/*!50001 CREATE TABLE `columnasbbdd` (
  `id` tinyint NOT NULL,
  `TABLE_NAME` tinyint NOT NULL,
  `column_name` tinyint NOT NULL,
  `is_nullable` tinyint NOT NULL,
  `column_key` tinyint NOT NULL,
  `data_type` tinyint NOT NULL
) ENGINE=MyISAM */;
SET character_set_client = @saved_cs_client;

--
-- Table structure for table `empresas`
--

DROP TABLE IF EXISTS `empresas`;
/*!40101 SET @saved_cs_client     = @@character_set_client */;
/*!40101 SET character_set_client = utf8 */;
CREATE TABLE `empresas` (
  `id` int(11) NOT NULL AUTO_INCREMENT,
  `codigo` varchar(45) DEFAULT NULL,
  `nombre` varchar(45) DEFAULT NULL,
  `descripcion` varchar(500) DEFAULT NULL,
  `GLN` varchar(45) DEFAULT NULL,
  `FechaCreacion` timestamp NULL DEFAULT current_timestamp(),
  `FechaModificacion` timestamp NULL DEFAULT NULL ON UPDATE current_timestamp(),
  PRIMARY KEY (`id`)
) ENGINE=InnoDB AUTO_INCREMENT=8 DEFAULT CHARSET=utf8 COLLATE=utf8_unicode_ci;
/*!40101 SET character_set_client = @saved_cs_client */;

--
-- Dumping data for table `empresas`
--

LOCK TABLES `empresas` WRITE;
/*!40000 ALTER TABLE `empresas` DISABLE KEYS */;
INSERT INTO `empresas` VALUES (1,'1','DynamizaHogar','Empresa de electrodomesticos','80000000','2023-02-13 15:40:33','2023-02-16 11:47:37'),(2,'2','DynamizaMotor','Empresa de coches','80000001','2023-02-16 11:47:37',NULL),(3,'3','DynamizaPC','Empresa de periféricos','80000002','2023-02-16 11:47:37',NULL);
/*!40000 ALTER TABLE `empresas` ENABLE KEYS */;
UNLOCK TABLES;

--
-- Table structure for table `grupos_atributos`
--

DROP TABLE IF EXISTS `grupos_atributos`;
/*!40101 SET @saved_cs_client     = @@character_set_client */;
/*!40101 SET character_set_client = utf8 */;
CREATE TABLE `grupos_atributos` (
  `id` int(11) NOT NULL AUTO_INCREMENT,
  `empresa_id` int(11) NOT NULL,
  `codigo` varchar(45) DEFAULT NULL,
  `nombre` varchar(500) DEFAULT NULL,
  `FechaCreacion` timestamp NULL DEFAULT current_timestamp(),
  `FechaModificacion` timestamp NULL DEFAULT NULL ON UPDATE current_timestamp(),
  PRIMARY KEY (`id`,`empresa_id`)
) ENGINE=InnoDB AUTO_INCREMENT=54 DEFAULT CHARSET=utf8 COLLATE=utf8_unicode_ci;
/*!40101 SET character_set_client = @saved_cs_client */;

--
-- Dumping data for table `grupos_atributos`
--

LOCK TABLES `grupos_atributos` WRITE;
/*!40000 ALTER TABLE `grupos_atributos` DISABLE KEYS */;
INSERT INTO `grupos_atributos` VALUES (39,3,'MATERIALES','Materiales','2023-02-16 11:51:48','2023-02-16 11:52:05'),(40,3,'SWITCHES','Switches','2023-02-16 11:51:48',NULL),(41,3,'BOTONES','Botones','2023-02-16 11:51:48',NULL),(42,3,'SOFTWARE','Software','2023-02-16 11:51:48',NULL),(43,3,'DIMENSIONES','Dimensiones','2023-02-16 11:51:48',NULL),(44,1,'DIMENSIONES Y PESOS','Dimensiones y pesos','2023-02-13 15:27:56',NULL),(45,1,'PROGRAMAS','Programas','2023-02-13 15:28:37',NULL),(46,1,'RENDIMIENTO','Rendimiento','2023-02-13 15:28:45',NULL),(47,1,'FUNCIONES','Funciones','2023-02-13 15:28:53',NULL),(48,1,'CARACTERISTICAS','Caracteristicas','2023-02-13 15:29:04',NULL),(49,1,'TEMPERATURAS','Temperaturas','2023-02-13 15:29:17',NULL),(50,1,'CONECTIVIDAD Y APPS','Conectividad y apps','2023-02-13 15:29:43',NULL),(51,2,'DEPOSITO Y CONSUMO','Deposito y consumo','2023-02-16 11:51:48',NULL),(52,2,'DIMENSIONES','Dimensiones','2023-02-16 11:51:48',NULL),(53,2,'MOTOR','Motor','2023-02-16 11:51:48',NULL);
/*!40000 ALTER TABLE `grupos_atributos` ENABLE KEYS */;
UNLOCK TABLES;

--
-- Table structure for table `idiomas`
--

DROP TABLE IF EXISTS `idiomas`;
/*!40101 SET @saved_cs_client     = @@character_set_client */;
/*!40101 SET character_set_client = utf8 */;
CREATE TABLE `idiomas` (
  `id` int(11) NOT NULL AUTO_INCREMENT,
  `nombre` varchar(45) DEFAULT NULL,
  `descripcion` varchar(64) DEFAULT NULL,
  `activo_sn` varchar(1) DEFAULT NULL,
  `locale` varchar(45) DEFAULT NULL,
  `FechaCreacion` timestamp NULL DEFAULT current_timestamp(),
  `FechaModificacion` timestamp NULL DEFAULT NULL ON UPDATE current_timestamp(),
  PRIMARY KEY (`id`)
) ENGINE=InnoDB AUTO_INCREMENT=5 DEFAULT CHARSET=utf8 COLLATE=utf8_unicode_ci;
/*!40101 SET character_set_client = @saved_cs_client */;

--
-- Dumping data for table `idiomas`
--

LOCK TABLES `idiomas` WRITE;
/*!40000 ALTER TABLE `idiomas` DISABLE KEYS */;
INSERT INTO `idiomas` VALUES (1,'es','Español','S','es','2023-02-13 15:40:33','2023-02-14 10:01:26'),(2,'fr','Francés','S','fr','2023-02-13 15:40:33','2023-02-14 10:01:26'),(3,'pt','Portugés','S','pt','2023-02-13 15:40:33','2023-02-14 10:01:26'),(4,'en','Inglés','S','gb','2023-02-13 15:40:33','2023-02-14 10:01:26');
/*!40000 ALTER TABLE `idiomas` ENABLE KEYS */;
UNLOCK TABLES;

--
-- Table structure for table `marca`
--

DROP TABLE IF EXISTS `marca`;
/*!40101 SET @saved_cs_client     = @@character_set_client */;
/*!40101 SET character_set_client = utf8 */;
CREATE TABLE `marca` (
  `id` int(11) NOT NULL AUTO_INCREMENT,
  `nombre` varchar(45) NOT NULL,
  `codigo` varchar(5) DEFAULT NULL,
  `logo` mediumblob DEFAULT NULL,
  `color` varchar(45) DEFAULT NULL,
  `web` varchar(45) DEFAULT NULL,
  `empresaId` int(11) NOT NULL,
  `FechaCreacion` timestamp NULL DEFAULT current_timestamp(),
  `FechaModificacion` timestamp NULL DEFAULT NULL ON UPDATE current_timestamp(),
  PRIMARY KEY (`id`)
) ENGINE=InnoDB AUTO_INCREMENT=16 DEFAULT CHARSET=utf8mb4 COLLATE=utf8mb4_general_ci;
/*!40101 SET character_set_client = @saved_cs_client */;

--
-- Dumping data for table `marca`
--

LOCK TABLES `marca` WRITE;
/*!40000 ALTER TABLE `marca` DISABLE KEYS */;
INSERT INTO `marca` VALUES (1,'Samsung','SSG',NULL,'#5573FF','www.samsung.com',1,'2023-02-17 07:41:58','2023-02-17 07:45:40'),(2,'LG','LG',NULL,'#29B322','www.lg.com',1,'2023-02-17 07:41:58','2023-02-17 07:45:40'),(3,'Fagor','FAG',NULL,'#D8C53F','www.fagorautomation.com',1,'2023-02-17 07:41:58','2023-02-17 07:45:40'),(4,'Renault','RE',NULL,'#5573FF','www.renaultgroup.com',2,'2023-02-17 07:41:58','2023-02-17 07:45:40'),(5,'Seat','SE',NULL,'#29B322','www.seat.com',2,'2023-02-17 07:41:58','2023-02-17 07:45:40'),(6,'Dacia','DC',NULL,'#D8C53F','www.renaultgroup.com',2,'2023-02-17 07:41:58','2023-02-17 07:45:40'),(13,'Logitech','LOG','data:image/x-icon;base64,AAABAAEAICAAAAEAIACoEAAAFgAAACgAAAAgAAAAQAAAAAEAIAAAAAAAABAAAAAAAAAAAAAAAAAAAAAAAAD///8A////AP///wD///8A////AP///wD///8A////AP///wD///8A////AP///wD///8A////AP///wD///8A////AP///wD///8A////AP///wD///8A////AP///wD///8A////AP///wD///8A////AP///wD///8A////AP///wD///8A////AP///wD///8A////AP///wD///8A////AP///wD///8A////AP///wD///8A////AP///wD///8A////AP///wD///8A////AP///wD///8A////AP///wD///8A////AP///wD///8A////AP///wD///8A////AP///wD///8A////AP///wD///8A////AP///wD///8A////AP///wD///8A////AP///wD///8A////AP///wD///8A////AP///wD///8A////AP///wD///8A////AP///wD///8A////AP///wD///8A////AP///wD///8A////AP///wD///8A////AP///wD///8A////AP///wD///8A////AP///wD///8A////AP///wD///8A////AP///wD///8A////AP///wD///8A////AP///wD///8A////AP///wD///8A////AP///wD///8A////AP///wD///8A////AP///wD///8A////AP///wD///8A////AP///wD///8A////AP///wD///8A////AP///wD///8A////AP///wD///8A////AP///wD///8A////AP///wD///8A////AP///wD///8A////AP///wD///8A+Gt1APtveQD8cXsA+Wx2APlsdgD2aHEA8mJsAPtxewD/e4UA/3eCAP94ggD/eIIA/3iCef93gtn/d4LX/3aB1f92gNX/dH7X/2972f2boYP9p6wA/ZObAP2MlQD9jpYA+4yTAPuAiAD6eoMA+XN9APlueAD3aXMA9WJtAPVfawD4a3UA+295APxxewD5bHYA+Wx2APZocQDyYmwA+3F7AP97hQD/d4IA/3iCAP94gnz/d4L//3eC//92gf//doD//3V///91fv//bHf//oqS//2hp4j9lp4A/YyVAP2OlgD7jJMA+4CIAPp6gwD5c30A+W54APdpcwD1Ym0A9V9rAPhrdQD7b3kA/HF7APlsdgD5bHYA9mhxAPJibAD7cXsA/3uFAP93ggD/d4J9/3eC//93gv//doH//3aA//91f///dH7//3R+//5rdf/+gIn//Zuh//2Smov9jpYA/Y6WAPuMkwD7gIgA+nqDAPlzfQD5bngA92lzAPVibQD1X2sA+Gt1APtveQD8cXsA+Wx2APlsdgD2aHEA8mJsAPtxewD/e4UA/3iCfP93gv//d4L//3eB//92gP//dX///3R+//9zff/+c33//m13//14gv/9lpz//Y6V//2MlI39j5cA+42UAPuAiAD6eoMA+XN9APlueAD3aXMA9WJtAPVfawD4a3UA+295APxxewD5bHYA+Wx2APZocQDyYmwA/HJ8AP97hX3/d4L//3eC//93gf//doD//3V///90fv//dH7//nN9//5yfP/+b3r//XF6//2Plv/9j5f//IeP//yMlJD7jZUA+4CIAPp6gwD5c30A+W54APdpcwD1Ym0A9V9rAPhrdQD7b3kA/HF7APlsdgD5bHYA9mhxAPFhawD8c311/36J//92gf//doH//3aA//91f///dH7//3R+//5zff/+cnz//nF8//1wev/9a3X//IWN//yPmP/8h47//ISM//uEjJX7hIwA+nqDAPlzfQD5bngA92lzAPVibQD1X2sA+Gt1APtveQD8cXsA+Wx2APlsdgD2aHIA9WJtZuleaP/3dX///32H//91f///dX///3R+//90fv/+c33//3J8//5xe//9cHr//XB6//xodP/8fof//I2V//uFjP/8gYn//H6H//t/iJf6e4MA+XN9APlueAD3aXMA9WJtAPVfawD4a3UA+295APxxewD5bHYA+Wx2APZocWn3ZW//7Fpm/9hWX//5doD//3qF//90fv//c33//nN9//9yfP//cXv//XB6//1wev/8b3r//Ghz//x4gf/8i5L/+4KK//x/iP/8fIX/+3mC//p5gpv5dH4A+W54APdpcwD1Ym0A9V9rAPhrdQD7b3kA/HF7APlsdgD5a3Zs9mhx//Rlbv/5ZHD/3lVf/9FTXP/7doD//3qE//5yfP/+cnz//nF8//1wev/9cHr//G96//xueP/8aXP/+3F6//yFjf/7gIn//H2G//t6gv/6d4H/+nV+//lyfJ35bnkA92lzAPVibQD1X2sA+Gt1APtveQD8cXwA+Wx2cfhsdv/2aHH/9GVv//Zjbv/xYGz/0FFa/9NTXP/7dH7//3iD//5wev/9cHr//XB6//xuev/8bnj//G12//trdP/7a3X/+36I//x/iP/8eoP/+neB//p0f//6cnz/+m95//ltd5/3anQA9WJtAPVfawD5bHYA+m14AP1yfXb6b3n/+Gx2//dpcv/1Zm//9GNt//ZhbP/jW2X/y05X/9RTXP/6cnz//3aB//xvef/8bnr//G54//xtdv/7bHX/+2x1//pocv/7eIH//H2G//p3gf/6dX//+nN8//pvef/5bHf/+Gt1//dqc6D1Ym0A9V9rAPVmcAD8cHpm/nN9//pvev/5bHf/92pz//Vnb//0Y23/9WJt/+xeaP/YV2D/zE1W/9RRWv/6cXv//3R///xtd//8bHf/+2x1//tsdf/6a3T/+mVw//txe//7fIX/+XV///lzfP/5cHn/+W13//hrdf/3aXL/9mZw//ZibZ/1X2sA9WdyGP92gP/9c37/+3B6//ltd//3anT/9mdw//Rkbv/1Ym3/8mBr/+BZYv/VVV7/zk1W/9NPWf/7bnn//3J8//trdP/7bHX/+mp0//tqdP/5ZXD/+W12//p4gv/5c3z/+XB5//ltd//4a3X/92ly//ZncP/2Y27/9mFs//ZgbFP/d4GQ/3eB//1yff/7cHv/+W54//hrdf/2aHH/9WZv//Ribf/0YGz/6Vxn/9hWX//UVFz/zkxV/9ROWP/3anT//W53//pqdP/7aXT/+mhy//lmcP/5aXT/+XV+//lwev/5bXf/+Gt1//dpcv/2Z3D/9mNu//ZhbP/2X2r/9V5pzP94g+H/doD//nN9//xxe//6bnn/+Gx2//dpcv/1Zm//82Jt//Zhbf/uXmn/3lhh/9NTXP/XU1z/yUlT/9lSXNH+b3nO/Gp0//pocv/5aHL/+mVw//llcP/5b3n/+W54//hrdv/3anP/9mZw//Zjbv/2YWz/9mBr//Veaf/0XWjx/3iD9f92gf/+dH7//XF8//tvef/5bXf/92lz//Znb//0Y27/9GFs//Ffav/mW2T/2FVe/9BQWf/UUFnq5FZhCPtrdgP7aHLi+Why//pmcf/5ZXD/+GNu//lrdf/4bnj/92pz//ZmcP/2Y27/9mFs//Zga//1Xmn/9F5o//RdaPD/eIPu/3eB//51f//9cX3/+295//ltd//3a3T/9mhw//Rkbv/zYWz/9GFs/+pdZ//dV2D/0lFa8N9SXCPpWWMA+Wp1APlkbxj6ZnHl+WVw//dkb//3Y27/+Gdy//dsdf/2Z3D/9mNu//ZhbP/2YGv/9V5p//RdaP/0XWj/9Fxn7f95g+3/d4L//3V///1zff/7cHv/+W54//hrdf/2aHH/9WVv//NibP/1YWz/7F5o/+JZY/PhV2An4lReAOdZYwD6a3YA+WVvAPhkbxf4ZG/l92Rv//dibv/2ZG//9mhx//Zjbv/2YWz/9mBr//Veaf/0XWj/9F1o//RcZ//0Wmbt/3qE7f94gv//doD//nN9//xxe//6bnn/+Gx2//dpcv/1Zm//82Jt//RhbP/vW2f37F1nLPNibQDvYGsA82VwAPttdwD4Y24A+GVvAPhkbxr3Y27j9mJt//Zibf/2ZG7/9mFs//Zga//1Xmn/9F1o//RdaP/0W2f/9Ftn//NaZu3/eoTt/3iD//92gP/+c37//HF8//puef/4bXf/92pz//VncP/0Y27/8mBr+fVkbzL0ZG4A82NuAPJibQD1Z3IA+213APhjbgD4ZW8A+GRvAPdibR32YWvi9mBs//ZhbP/2YWz/9l5p//RdaP/0XWj/9Fxn//RaZ//zWmb/81ll7f97hf//eIP//3aB//51fv/9cnz/+296//lteP/3a3T/9mdw//Rkbv3zYm0192p0APZncgDxYWwA8WFsAPRmcQD7bXcA+GNuAPhlbwD4ZG8A92JsAPdibB32YGvl9WBr//Zfav/0XWj/9F1o//RcZ//0Wmf/81pm//NZZf/0WWX//3uFx/95g9n/d4HV/3V/1v1yfNX8b3rV+W141fhrddn2aHHQ+GlzOvRlbwD2aHIA9WZxAPFhbADxYWwA9GZxAPttdwD4Y24A+GVvAPhkbwD3YmwA92JtAPdhbBj1Xmmu9V1ouPRdaLT0XGi09FtmtPNaZbTzWmW081plt/JZZKj///8A////AP///wD///8A////AP///wD///8A////AP///wD///8A////AP///wD///8A////AP///wD///8A////AP///wD///8A////AP///wD///8A////AP///wD///8A////AP///wD///8A////AP///wD///8A////AP///wD///8A////AP///wD///8A////AP///wD///8A////AP///wD///8A////AP///wD///8A////AP///wD///8A////AP///wD///8A////AP///wD///8A////AP///wD///8A////AP///wD///8A////AP///wD///8A////AP///wD///8A////AP///wD///8A////AP///wD///8A////AP///wD///8A////AP///wD///8A////AP///wD///8A////AP///wD///8A////AP///wD///8A////AP///wD///8A////AP///wD///8A////AP///wD///8A////AP///wD///8A////AP///wD///8A////AP///wD///8A////AP///wD///8A////AP///wD///8A////AP///wD///8A////AP///wD///8A////AP///wD///8A////AP///wD///8A////AP///wD///8A////AP///wD///8A////AP///wD///8A////AP///wD///8A////AP///wD///8A////AP///wD///8A////AP///wD///8A////AP///wD///8A////AP///wD///8A////AP///wD///8A////AP///wD///8A////AP///wD///8A////////////////////////////8A///+AH///AA///gAH//wAA//4AAH/8AAA/+AAAH/AAAA/gAAAHwAAAA4AAAAEAAAAAAAAAAAAAAAAAAAAAAAGAAAADwAAAB+AAAA/wAAAf+AAAP/wA//////////////////////////8=','#5573FF','www.logitech.com',3,'2023-02-13 15:39:25','2023-02-17 07:45:40'),(14,'Steelseries','STS','data:image/x-icon;base64,AAABAAEAICAAAAEAIACoEAAAFgAAACgAAAAgAAAAQAAAAAEAIAAAAAAAABAAAAAAAAAAAAAAAAAAAAAAAAD///8A////AP///wD///8A////AP///wD///8A////AP///wD///8A////AP///wD///8A////AP///wD///8A////AP///wD///8A////AP///wD///8A////AP///wD///8A////AP///wD///8A////AP///wD///8A////AP///wD///8A////AP///wD///8A////AP///wD///8A////AP///wD///8A////AP///wD///8A////AP///wD///8A////AP///wD///8A////AP///wD///8A////AP///wD///8A////AP///wD///8A////AP///wD///8A////AP///wD///8A////AP///wD///8A////AP///wD///8A////AP///wD///8A////AP///wD///8A////AP///wD///8A////AP///wD///8A////AP///wD///8A////AP///wD///8A////AP///wD///8A////AP///wD///8A////AP///wD///8A////AP///wD///8A////AP///wD///8A////AP///wD///8A////AP///wD///8A////AP///wD///8A////AP///wD///8A////AP///wD///8A////AP///wD///8A////AP///wD///8A////AP///wD///8A////AP///wD///8A////AP///wD///8A////AP///wD///8A////AP///wD///8A////AP///wD///8A////AP///wD///8A////AP///wD///8A////AP///wD///8A////AP///wD///8A////AP///wD///8A+Gt1APtveQD8cXsA+Wx2APlsdgD2aHEA8mJsAPtxewD/e4UA/3eCAP94ggD/eIIA/3iCef93gtn/d4LX/3aB1f92gNX/dH7X/2972f2boYP9p6wA/ZObAP2MlQD9jpYA+4yTAPuAiAD6eoMA+XN9APlueAD3aXMA9WJtAPVfawD4a3UA+295APxxewD5bHYA+Wx2APZocQDyYmwA+3F7AP97hQD/d4IA/3iCAP94gnz/d4L//3eC//92gf//doD//3V///91fv//bHf//oqS//2hp4j9lp4A/YyVAP2OlgD7jJMA+4CIAPp6gwD5c30A+W54APdpcwD1Ym0A9V9rAPhrdQD7b3kA/HF7APlsdgD5bHYA9mhxAPJibAD7cXsA/3uFAP93ggD/d4J9/3eC//93gv//doH//3aA//91f///dH7//3R+//5rdf/+gIn//Zuh//2Smov9jpYA/Y6WAPuMkwD7gIgA+nqDAPlzfQD5bngA92lzAPVibQD1X2sA+Gt1APtveQD8cXsA+Wx2APlsdgD2aHEA8mJsAPtxewD/e4UA/3iCfP93gv//d4L//3eB//92gP//dX///3R+//9zff/+c33//m13//14gv/9lpz//Y6V//2MlI39j5cA+42UAPuAiAD6eoMA+XN9APlueAD3aXMA9WJtAPVfawD4a3UA+295APxxewD5bHYA+Wx2APZocQDyYmwA/HJ8AP97hX3/d4L//3eC//93gf//doD//3V///90fv//dH7//nN9//5yfP/+b3r//XF6//2Plv/9j5f//IeP//yMlJD7jZUA+4CIAPp6gwD5c30A+W54APdpcwD1Ym0A9V9rAPhrdQD7b3kA/HF7APlsdgD5bHYA9mhxAPFhawD8c311/36J//92gf//doH//3aA//91f///dH7//3R+//5zff/+cnz//nF8//1wev/9a3X//IWN//yPmP/8h47//ISM//uEjJX7hIwA+nqDAPlzfQD5bngA92lzAPVibQD1X2sA+Gt1APtveQD8cXsA+Wx2APlsdgD2aHIA9WJtZuleaP/3dX///32H//91f///dX///3R+//90fv/+c33//3J8//5xe//9cHr//XB6//xodP/8fof//I2V//uFjP/8gYn//H6H//t/iJf6e4MA+XN9APlueAD3aXMA9WJtAPVfawD4a3UA+295APxxewD5bHYA+Wx2APZocWn3ZW//7Fpm/9hWX//5doD//3qF//90fv//c33//nN9//9yfP//cXv//XB6//1wev/8b3r//Ghz//x4gf/8i5L/+4KK//x/iP/8fIX/+3mC//p5gpv5dH4A+W54APdpcwD1Ym0A9V9rAPhrdQD7b3kA/HF7APlsdgD5a3Zs9mhx//Rlbv/5ZHD/3lVf/9FTXP/7doD//3qE//5yfP/+cnz//nF8//1wev/9cHr//G96//xueP/8aXP/+3F6//yFjf/7gIn//H2G//t6gv/6d4H/+nV+//lyfJ35bnkA92lzAPVibQD1X2sA+Gt1APtveQD8cXwA+Wx2cfhsdv/2aHH/9GVv//Zjbv/xYGz/0FFa/9NTXP/7dH7//3iD//5wev/9cHr//XB6//xuev/8bnj//G12//trdP/7a3X/+36I//x/iP/8eoP/+neB//p0f//6cnz/+m95//ltd5/3anQA9WJtAPVfawD5bHYA+m14AP1yfXb6b3n/+Gx2//dpcv/1Zm//9GNt//ZhbP/jW2X/y05X/9RTXP/6cnz//3aB//xvef/8bnr//G54//xtdv/7bHX/+2x1//pocv/7eIH//H2G//p3gf/6dX//+nN8//pvef/5bHf/+Gt1//dqc6D1Ym0A9V9rAPVmcAD8cHpm/nN9//pvev/5bHf/92pz//Vnb//0Y23/9WJt/+xeaP/YV2D/zE1W/9RRWv/6cXv//3R///xtd//8bHf/+2x1//tsdf/6a3T/+mVw//txe//7fIX/+XV///lzfP/5cHn/+W13//hrdf/3aXL/9mZw//ZibZ/1X2sA9WdyGP92gP/9c37/+3B6//ltd//3anT/9mdw//Rkbv/1Ym3/8mBr/+BZYv/VVV7/zk1W/9NPWf/7bnn//3J8//trdP/7bHX/+mp0//tqdP/5ZXD/+W12//p4gv/5c3z/+XB5//ltd//4a3X/92ly//ZncP/2Y27/9mFs//ZgbFP/d4GQ/3eB//1yff/7cHv/+W54//hrdf/2aHH/9WZv//Ribf/0YGz/6Vxn/9hWX//UVFz/zkxV/9ROWP/3anT//W53//pqdP/7aXT/+mhy//lmcP/5aXT/+XV+//lwev/5bXf/+Gt1//dpcv/2Z3D/9mNu//ZhbP/2X2r/9V5pzP94g+H/doD//nN9//xxe//6bnn/+Gx2//dpcv/1Zm//82Jt//Zhbf/uXmn/3lhh/9NTXP/XU1z/yUlT/9lSXNH+b3nO/Gp0//pocv/5aHL/+mVw//llcP/5b3n/+W54//hrdv/3anP/9mZw//Zjbv/2YWz/9mBr//Veaf/0XWjx/3iD9f92gf/+dH7//XF8//tvef/5bXf/92lz//Znb//0Y27/9GFs//Ffav/mW2T/2FVe/9BQWf/UUFnq5FZhCPtrdgP7aHLi+Why//pmcf/5ZXD/+GNu//lrdf/4bnj/92pz//ZmcP/2Y27/9mFs//Zga//1Xmn/9F5o//RdaPD/eIPu/3eB//51f//9cX3/+295//ltd//3a3T/9mhw//Rkbv/zYWz/9GFs/+pdZ//dV2D/0lFa8N9SXCPpWWMA+Wp1APlkbxj6ZnHl+WVw//dkb//3Y27/+Gdy//dsdf/2Z3D/9mNu//ZhbP/2YGv/9V5p//RdaP/0XWj/9Fxn7f95g+3/d4L//3V///1zff/7cHv/+W54//hrdf/2aHH/9WVv//NibP/1YWz/7F5o/+JZY/PhV2An4lReAOdZYwD6a3YA+WVvAPhkbxf4ZG/l92Rv//dibv/2ZG//9mhx//Zjbv/2YWz/9mBr//Veaf/0XWj/9F1o//RcZ//0Wmbt/3qE7f94gv//doD//nN9//xxe//6bnn/+Gx2//dpcv/1Zm//82Jt//RhbP/vW2f37F1nLPNibQDvYGsA82VwAPttdwD4Y24A+GVvAPhkbxr3Y27j9mJt//Zibf/2ZG7/9mFs//Zga//1Xmn/9F1o//RdaP/0W2f/9Ftn//NaZu3/eoTt/3iD//92gP/+c37//HF8//puef/4bXf/92pz//VncP/0Y27/8mBr+fVkbzL0ZG4A82NuAPJibQD1Z3IA+213APhjbgD4ZW8A+GRvAPdibR32YWvi9mBs//ZhbP/2YWz/9l5p//RdaP/0XWj/9Fxn//RaZ//zWmb/81ll7f97hf//eIP//3aB//51fv/9cnz/+296//lteP/3a3T/9mdw//Rkbv3zYm0192p0APZncgDxYWwA8WFsAPRmcQD7bXcA+GNuAPhlbwD4ZG8A92JsAPdibB32YGvl9WBr//Zfav/0XWj/9F1o//RcZ//0Wmf/81pm//NZZf/0WWX//3uFx/95g9n/d4HV/3V/1v1yfNX8b3rV+W141fhrddn2aHHQ+GlzOvRlbwD2aHIA9WZxAPFhbADxYWwA9GZxAPttdwD4Y24A+GVvAPhkbwD3YmwA92JtAPdhbBj1Xmmu9V1ouPRdaLT0XGi09FtmtPNaZbTzWmW081plt/JZZKj///8A////AP///wD///8A////AP///wD///8A////AP///wD///8A////AP///wD///8A////AP///wD///8A////AP///wD///8A////AP///wD///8A////AP///wD///8A////AP///wD///8A////AP///wD///8A////AP///wD///8A////AP///wD///8A////AP///wD///8A////AP///wD///8A////AP///wD///8A////AP///wD///8A////AP///wD///8A////AP///wD///8A////AP///wD///8A////AP///wD///8A////AP///wD///8A////AP///wD///8A////AP///wD///8A////AP///wD///8A////AP///wD///8A////AP///wD///8A////AP///wD///8A////AP///wD///8A////AP///wD///8A////AP///wD///8A////AP///wD///8A////AP///wD///8A////AP///wD///8A////AP///wD///8A////AP///wD///8A////AP///wD///8A////AP///wD///8A////AP///wD///8A////AP///wD///8A////AP///wD///8A////AP///wD///8A////AP///wD///8A////AP///wD///8A////AP///wD///8A////AP///wD///8A////AP///wD///8A////AP///wD///8A////AP///wD///8A////AP///wD///8A////AP///wD///8A////AP///wD///8A////AP///wD///8A////AP///wD///8A////////////////////////////8A///+AH///AA///gAH//wAA//4AAH/8AAA/+AAAH/AAAA/gAAAHwAAAA4AAAAEAAAAAAAAAAAAAAAAAAAAAAAGAAAADwAAAB+AAAA/wAAAf+AAAP/wA//////////////////////////8=','#29B322','www.steelseries.com',3,'2023-02-13 15:39:46','2023-02-17 07:45:40'),(15,'Razer','RZ','data:image/x-icon;base64,AAABAAEAICAAAAEAIACoEAAAFgAAACgAAAAgAAAAQAAAAAEAIAAAAAAAABAAAAAAAAAAAAAAAAAAAAAAAAD///8A////AP///wD///8A////AP///wD///8A////AP///wD///8A////AP///wD///8A////AP///wD///8A////AP///wD///8A////AP///wD///8A////AP///wD///8A////AP///wD///8A////AP///wD///8A////AP///wD///8A////AP///wD///8A////AP///wD///8A////AP///wD///8A////AP///wD///8A////AP///wD///8A////AP///wD///8A////AP///wD///8A////AP///wD///8A////AP///wD///8A////AP///wD///8A////AP///wD///8A////AP///wD///8A////AP///wD///8A////AP///wD///8A////AP///wD///8A////AP///wD///8A////AP///wD///8A////AP///wD///8A////AP///wD///8A////AP///wD///8A////AP///wD///8A////AP///wD///8A////AP///wD///8A////AP///wD///8A////AP///wD///8A////AP///wD///8A////AP///wD///8A////AP///wD///8A////AP///wD///8A////AP///wD///8A////AP///wD///8A////AP///wD///8A////AP///wD///8A////AP///wD///8A////AP///wD///8A////AP///wD///8A////AP///wD///8A////AP///wD///8A////AP///wD///8A////AP///wD///8A////AP///wD///8A////AP///wD///8A+Gt1APtveQD8cXsA+Wx2APlsdgD2aHEA8mJsAPtxewD/e4UA/3eCAP94ggD/eIIA/3iCef93gtn/d4LX/3aB1f92gNX/dH7X/2972f2boYP9p6wA/ZObAP2MlQD9jpYA+4yTAPuAiAD6eoMA+XN9APlueAD3aXMA9WJtAPVfawD4a3UA+295APxxewD5bHYA+Wx2APZocQDyYmwA+3F7AP97hQD/d4IA/3iCAP94gnz/d4L//3eC//92gf//doD//3V///91fv//bHf//oqS//2hp4j9lp4A/YyVAP2OlgD7jJMA+4CIAPp6gwD5c30A+W54APdpcwD1Ym0A9V9rAPhrdQD7b3kA/HF7APlsdgD5bHYA9mhxAPJibAD7cXsA/3uFAP93ggD/d4J9/3eC//93gv//doH//3aA//91f///dH7//3R+//5rdf/+gIn//Zuh//2Smov9jpYA/Y6WAPuMkwD7gIgA+nqDAPlzfQD5bngA92lzAPVibQD1X2sA+Gt1APtveQD8cXsA+Wx2APlsdgD2aHEA8mJsAPtxewD/e4UA/3iCfP93gv//d4L//3eB//92gP//dX///3R+//9zff/+c33//m13//14gv/9lpz//Y6V//2MlI39j5cA+42UAPuAiAD6eoMA+XN9APlueAD3aXMA9WJtAPVfawD4a3UA+295APxxewD5bHYA+Wx2APZocQDyYmwA/HJ8AP97hX3/d4L//3eC//93gf//doD//3V///90fv//dH7//nN9//5yfP/+b3r//XF6//2Plv/9j5f//IeP//yMlJD7jZUA+4CIAPp6gwD5c30A+W54APdpcwD1Ym0A9V9rAPhrdQD7b3kA/HF7APlsdgD5bHYA9mhxAPFhawD8c311/36J//92gf//doH//3aA//91f///dH7//3R+//5zff/+cnz//nF8//1wev/9a3X//IWN//yPmP/8h47//ISM//uEjJX7hIwA+nqDAPlzfQD5bngA92lzAPVibQD1X2sA+Gt1APtveQD8cXsA+Wx2APlsdgD2aHIA9WJtZuleaP/3dX///32H//91f///dX///3R+//90fv/+c33//3J8//5xe//9cHr//XB6//xodP/8fof//I2V//uFjP/8gYn//H6H//t/iJf6e4MA+XN9APlueAD3aXMA9WJtAPVfawD4a3UA+295APxxewD5bHYA+Wx2APZocWn3ZW//7Fpm/9hWX//5doD//3qF//90fv//c33//nN9//9yfP//cXv//XB6//1wev/8b3r//Ghz//x4gf/8i5L/+4KK//x/iP/8fIX/+3mC//p5gpv5dH4A+W54APdpcwD1Ym0A9V9rAPhrdQD7b3kA/HF7APlsdgD5a3Zs9mhx//Rlbv/5ZHD/3lVf/9FTXP/7doD//3qE//5yfP/+cnz//nF8//1wev/9cHr//G96//xueP/8aXP/+3F6//yFjf/7gIn//H2G//t6gv/6d4H/+nV+//lyfJ35bnkA92lzAPVibQD1X2sA+Gt1APtveQD8cXwA+Wx2cfhsdv/2aHH/9GVv//Zjbv/xYGz/0FFa/9NTXP/7dH7//3iD//5wev/9cHr//XB6//xuev/8bnj//G12//trdP/7a3X/+36I//x/iP/8eoP/+neB//p0f//6cnz/+m95//ltd5/3anQA9WJtAPVfawD5bHYA+m14AP1yfXb6b3n/+Gx2//dpcv/1Zm//9GNt//ZhbP/jW2X/y05X/9RTXP/6cnz//3aB//xvef/8bnr//G54//xtdv/7bHX/+2x1//pocv/7eIH//H2G//p3gf/6dX//+nN8//pvef/5bHf/+Gt1//dqc6D1Ym0A9V9rAPVmcAD8cHpm/nN9//pvev/5bHf/92pz//Vnb//0Y23/9WJt/+xeaP/YV2D/zE1W/9RRWv/6cXv//3R///xtd//8bHf/+2x1//tsdf/6a3T/+mVw//txe//7fIX/+XV///lzfP/5cHn/+W13//hrdf/3aXL/9mZw//ZibZ/1X2sA9WdyGP92gP/9c37/+3B6//ltd//3anT/9mdw//Rkbv/1Ym3/8mBr/+BZYv/VVV7/zk1W/9NPWf/7bnn//3J8//trdP/7bHX/+mp0//tqdP/5ZXD/+W12//p4gv/5c3z/+XB5//ltd//4a3X/92ly//ZncP/2Y27/9mFs//ZgbFP/d4GQ/3eB//1yff/7cHv/+W54//hrdf/2aHH/9WZv//Ribf/0YGz/6Vxn/9hWX//UVFz/zkxV/9ROWP/3anT//W53//pqdP/7aXT/+mhy//lmcP/5aXT/+XV+//lwev/5bXf/+Gt1//dpcv/2Z3D/9mNu//ZhbP/2X2r/9V5pzP94g+H/doD//nN9//xxe//6bnn/+Gx2//dpcv/1Zm//82Jt//Zhbf/uXmn/3lhh/9NTXP/XU1z/yUlT/9lSXNH+b3nO/Gp0//pocv/5aHL/+mVw//llcP/5b3n/+W54//hrdv/3anP/9mZw//Zjbv/2YWz/9mBr//Veaf/0XWjx/3iD9f92gf/+dH7//XF8//tvef/5bXf/92lz//Znb//0Y27/9GFs//Ffav/mW2T/2FVe/9BQWf/UUFnq5FZhCPtrdgP7aHLi+Why//pmcf/5ZXD/+GNu//lrdf/4bnj/92pz//ZmcP/2Y27/9mFs//Zga//1Xmn/9F5o//RdaPD/eIPu/3eB//51f//9cX3/+295//ltd//3a3T/9mhw//Rkbv/zYWz/9GFs/+pdZ//dV2D/0lFa8N9SXCPpWWMA+Wp1APlkbxj6ZnHl+WVw//dkb//3Y27/+Gdy//dsdf/2Z3D/9mNu//ZhbP/2YGv/9V5p//RdaP/0XWj/9Fxn7f95g+3/d4L//3V///1zff/7cHv/+W54//hrdf/2aHH/9WVv//NibP/1YWz/7F5o/+JZY/PhV2An4lReAOdZYwD6a3YA+WVvAPhkbxf4ZG/l92Rv//dibv/2ZG//9mhx//Zjbv/2YWz/9mBr//Veaf/0XWj/9F1o//RcZ//0Wmbt/3qE7f94gv//doD//nN9//xxe//6bnn/+Gx2//dpcv/1Zm//82Jt//RhbP/vW2f37F1nLPNibQDvYGsA82VwAPttdwD4Y24A+GVvAPhkbxr3Y27j9mJt//Zibf/2ZG7/9mFs//Zga//1Xmn/9F1o//RdaP/0W2f/9Ftn//NaZu3/eoTt/3iD//92gP/+c37//HF8//puef/4bXf/92pz//VncP/0Y27/8mBr+fVkbzL0ZG4A82NuAPJibQD1Z3IA+213APhjbgD4ZW8A+GRvAPdibR32YWvi9mBs//ZhbP/2YWz/9l5p//RdaP/0XWj/9Fxn//RaZ//zWmb/81ll7f97hf//eIP//3aB//51fv/9cnz/+296//lteP/3a3T/9mdw//Rkbv3zYm0192p0APZncgDxYWwA8WFsAPRmcQD7bXcA+GNuAPhlbwD4ZG8A92JsAPdibB32YGvl9WBr//Zfav/0XWj/9F1o//RcZ//0Wmf/81pm//NZZf/0WWX//3uFx/95g9n/d4HV/3V/1v1yfNX8b3rV+W141fhrddn2aHHQ+GlzOvRlbwD2aHIA9WZxAPFhbADxYWwA9GZxAPttdwD4Y24A+GVvAPhkbwD3YmwA92JtAPdhbBj1Xmmu9V1ouPRdaLT0XGi09FtmtPNaZbTzWmW081plt/JZZKj///8A////AP///wD///8A////AP///wD///8A////AP///wD///8A////AP///wD///8A////AP///wD///8A////AP///wD///8A////AP///wD///8A////AP///wD///8A////AP///wD///8A////AP///wD///8A////AP///wD///8A////AP///wD///8A////AP///wD///8A////AP///wD///8A////AP///wD///8A////AP///wD///8A////AP///wD///8A////AP///wD///8A////AP///wD///8A////AP///wD///8A////AP///wD///8A////AP///wD///8A////AP///wD///8A////AP///wD///8A////AP///wD///8A////AP///wD///8A////AP///wD///8A////AP///wD///8A////AP///wD///8A////AP///wD///8A////AP///wD///8A////AP///wD///8A////AP///wD///8A////AP///wD///8A////AP///wD///8A////AP///wD///8A////AP///wD///8A////AP///wD///8A////AP///wD///8A////AP///wD///8A////AP///wD///8A////AP///wD///8A////AP///wD///8A////AP///wD///8A////AP///wD///8A////AP///wD///8A////AP///wD///8A////AP///wD///8A////AP///wD///8A////AP///wD///8A////AP///wD///8A////AP///wD///8A////AP///wD///8A////////////////////////////8A///+AH///AA///gAH//wAA//4AAH/8AAA/+AAAH/AAAA/gAAAHwAAAA4AAAAEAAAAAAAAAAAAAAAAAAAAAAAGAAAADwAAAB+AAAA/wAAAf+AAAP/wA//////////////////////////8=','#D8C53F','www.razer.com',3,'2023-02-13 15:40:08','2023-02-17 07:45:40');
/*!40000 ALTER TABLE `marca` ENABLE KEYS */;
UNLOCK TABLES;

--
-- Table structure for table `multimedia`
--

DROP TABLE IF EXISTS `multimedia`;
/*!40101 SET @saved_cs_client     = @@character_set_client */;
/*!40101 SET character_set_client = utf8 */;
CREATE TABLE `multimedia` (
  `id` int(11) NOT NULL AUTO_INCREMENT,
  `empresa_id` int(11) NOT NULL,
  `clave` varchar(45) DEFAULT NULL,
  `tipo` varchar(45) DEFAULT NULL,
  `categoria` varchar(1) DEFAULT NULL,
  `defectosn` varchar(1) DEFAULT NULL,
  `FechaCreacion` timestamp NULL DEFAULT current_timestamp(),
  `FechaModificacion` timestamp NULL DEFAULT NULL ON UPDATE current_timestamp(),
  PRIMARY KEY (`id`,`empresa_id`)
) ENGINE=InnoDB AUTO_INCREMENT=180 DEFAULT CHARSET=utf8 COLLATE=utf8_unicode_ci;
/*!40101 SET character_set_client = @saved_cs_client */;

--
-- Dumping data for table `multimedia`
--

LOCK TABLES `multimedia` WRITE;
/*!40000 ALTER TABLE `multimedia` DISABLE KEYS */;
INSERT INTO `multimedia` VALUES (172,1,'Imagen1','Imagen','P','N','2023-02-13 15:07:22','2023-02-13 15:09:20'),(173,1,'Imagen2','Imagen','P','N','2023-02-13 15:07:22','2023-02-13 15:08:49'),(174,1,'Imagen3','Imagen','P','N','2023-02-13 15:07:22','2023-02-13 15:09:20'),(175,1,'EtiquetaEnergetica','Imagen','P','N','2023-02-13 15:06:39','2023-02-14 12:37:57'),(176,1,'ManualTécnico','Documento','T','S','2023-02-13 15:07:00','2023-02-13 15:08:49'),(179,1,'VideoProducto','Video','P','N','2023-02-13 15:09:47',NULL);
/*!40000 ALTER TABLE `multimedia` ENABLE KEYS */;
UNLOCK TABLES;

--
-- Table structure for table `permisos`
--

DROP TABLE IF EXISTS `permisos`;
/*!40101 SET @saved_cs_client     = @@character_set_client */;
/*!40101 SET character_set_client = utf8 */;
CREATE TABLE `permisos` (
  `id` bigint(20) unsigned NOT NULL AUTO_INCREMENT,
  `moduleName` varchar(40) DEFAULT NULL,
  `controllerName` varchar(50) DEFAULT NULL,
  `actionName` varchar(50) DEFAULT NULL,
  `rolesId` int(10) unsigned DEFAULT NULL,
  `FechaCreacion` timestamp NULL DEFAULT current_timestamp(),
  `FechaModificacion` timestamp NULL DEFAULT NULL ON UPDATE current_timestamp(),
  PRIMARY KEY (`id`)
) ENGINE=InnoDB AUTO_INCREMENT=826 DEFAULT CHARSET=utf8 COLLATE=utf8_general_ci;
/*!40101 SET character_set_client = @saved_cs_client */;

--
-- Dumping data for table `permisos`
--

LOCK TABLES `permisos` WRITE;
/*!40000 ALTER TABLE `permisos` DISABLE KEYS */;
INSERT INTO `permisos` VALUES (1,'PIM','Permisos','Ver',1,'2023-02-13 14:59:40','2023-02-13 14:59:40'),(559,'PIM','Productos','Ver',1,'0000-00-00 00:00:00','2023-02-13 14:59:40'),(567,'PIM','Productos','Actualizar',1,'0000-00-00 00:00:00','2023-02-13 14:59:40'),(571,'PIM','Productos','Borrar',1,'0000-00-00 00:00:00','2023-02-13 14:59:40'),(572,'PIM','Productos','Nuevo',1,'0000-00-00 00:00:00','2023-02-13 14:59:40'),(574,'PIM','GrupoAtributos','Actualizar',1,'0000-00-00 00:00:00','2023-02-13 15:51:17'),(575,'PIM','GrupoAtributos','Borrar',1,'0000-00-00 00:00:00','2023-02-13 15:51:17'),(576,'PIM','GrupoAtributos','Nuevo',1,'0000-00-00 00:00:00','2023-02-13 15:51:17'),(577,'PIM','Roles','Ver',1,'0000-00-00 00:00:00','2023-02-13 14:59:40'),(578,'PIM','Roles','Actualizar',1,'0000-00-00 00:00:00','2023-02-13 14:59:40'),(579,'PIM','Roles','Borrar',1,'0000-00-00 00:00:00','2023-02-13 14:59:40'),(580,'PIM','Roles','Nuevo',1,'0000-00-00 00:00:00','2023-02-13 14:59:40'),(581,'PIM','Categorias','Ver',1,'0000-00-00 00:00:00','2023-02-13 14:59:40'),(582,'PIM','Categorias','Actualizar',1,'0000-00-00 00:00:00','2023-02-13 14:59:40'),(583,'PIM','Categorias','Borrar',1,'0000-00-00 00:00:00','2023-02-13 14:59:40'),(584,'PIM','Categorias','Nuevo',1,'0000-00-00 00:00:00','2023-02-13 14:59:40'),(585,'PIM','Usuarios','Ver',1,'0000-00-00 00:00:00','2023-02-13 14:59:40'),(586,'PIM','Usuarios','Actualizar',1,'0000-00-00 00:00:00','2023-02-13 14:59:40'),(587,'PIM','Usuarios','Borrar',1,'0000-00-00 00:00:00','2023-02-13 14:59:40'),(588,'PIM','Usuarios','Nuevo',1,'0000-00-00 00:00:00','2023-02-13 14:59:40'),(589,'PIM','Atributos','Ver',1,'0000-00-00 00:00:00','2023-02-13 14:59:40'),(590,'PIM','Atributos','Actualizar',1,'0000-00-00 00:00:00','2023-02-13 14:59:40'),(591,'PIM','Atributos','Borrar',1,'0000-00-00 00:00:00','2023-02-13 14:59:40'),(592,'PIM','Atributos','Nuevo',1,'0000-00-00 00:00:00','2023-02-13 14:59:40'),(593,'PIM','Empresas','Ver',1,'0000-00-00 00:00:00','2023-02-13 14:59:40'),(594,'PIM','Empresas','Actualizar',1,'0000-00-00 00:00:00','2023-02-13 14:59:40'),(595,'PIM','Empresas','Borrar',1,'0000-00-00 00:00:00','2023-02-13 14:59:40'),(596,'PIM','Empresas','Nuevo',1,'0000-00-00 00:00:00','2023-02-13 14:59:40'),(597,'PIM','Multimedia','Ver',1,'0000-00-00 00:00:00','2023-02-13 15:01:31'),(598,'PIM','Multimedia','Actualizar',1,'0000-00-00 00:00:00','2023-02-13 15:01:31'),(599,'PIM','Multimedia','Borrar',1,'0000-00-00 00:00:00','2023-02-13 15:01:31'),(600,'PIM','Multimedia','Nuevo',1,'0000-00-00 00:00:00','2023-02-13 15:01:31'),(757,'PIM','Productos','DatosNav',1,'2023-02-13 15:01:48',NULL),(758,'PIM','Productos','Reset',1,'2023-02-13 15:01:49',NULL),(759,'PIM','Integracion','Ver',1,'2023-02-13 15:01:50',NULL),(760,'PIM','Integracion','Nuevo',1,'2023-02-13 15:01:51',NULL),(761,'PIM','Integracion','Actualizar',1,'2023-02-13 15:01:52',NULL),(762,'PIM','Marcas','Nuevo',1,'2023-02-13 15:01:53',NULL),(763,'PIM','Marcas','Ver',1,'2023-02-13 15:01:54',NULL),(764,'PIM','Marcas','Actualizar',1,'2023-02-13 15:01:55',NULL),(765,'PIM','Marcas','Borrar',1,'2023-02-13 15:01:55',NULL),(766,'PIM','Situaciones','Nuevo',1,'2023-02-13 15:01:56',NULL),(767,'PIM','Situaciones','Ver',1,'2023-02-13 15:01:57',NULL),(768,'PIM','Situaciones','Actualizar',1,'2023-02-13 15:01:57',NULL),(769,'PIM','Situaciones','Borrar',1,'2023-02-13 15:01:58',NULL),(774,'PIM','Traducciones','Borrar',1,'2023-02-13 15:02:03',NULL),(775,'PIM','Traducciones','Actualizar',1,'2023-02-13 15:02:04',NULL),(776,'PIM','Traducciones','Ver',1,'2023-02-13 15:02:05',NULL),(777,'PIM','Traducciones','Nuevo',1,'2023-02-13 15:02:05',NULL),(778,'PIM','Documentacion API','Ver',1,'2023-02-13 15:02:08',NULL),(779,'PIM','Sincronizaciones','Ver',1,'2023-02-13 15:02:08',NULL),(780,'PIM','Idiomas','Borrar',1,'2023-02-13 15:02:12',NULL),(781,'PIM','Idiomas','Actualizar',1,'2023-02-13 15:02:12',NULL),(782,'PIM','Idiomas','Ver',1,'2023-02-13 15:02:13',NULL),(783,'PIM','Idiomas','Nuevo',1,'2023-02-13 15:02:14',NULL),(784,'PIM','Integracion','Ver',3,'2023-02-13 15:02:32',NULL),(785,'PIM','Marcas','Ver',3,'2023-02-13 15:02:33',NULL),(786,'PIM','Situaciones','Ver',3,'2023-02-13 15:02:34',NULL),(787,'PIM','Multimedia','Ver',3,'2023-02-13 15:02:36',NULL),(788,'PIM','Atributos','Ver',3,'2023-02-13 15:02:37',NULL),(789,'PIM','GrupoAtributos','Ver',3,'2023-02-13 15:02:38',NULL),(790,'PIM','Roles','Ver',3,'2023-02-13 15:02:39',NULL),(791,'PIM','Categorias','Ver',3,'2023-02-13 15:02:40',NULL),(792,'PIM','Idiomas','Ver',3,'2023-02-13 15:02:42',NULL),(793,'PIM','Traducciones','Ver',3,'2023-02-13 15:02:43',NULL),(794,'PIM','Usuarios','Ver',3,'2023-02-13 15:02:43',NULL),(795,'PIM','Empresas','Ver',3,'2023-02-13 15:02:45',NULL),(796,'PIM','Sincronizaciones','Ver',3,'2023-02-13 15:02:46',NULL),(797,'PIM','Documentacion API','Ver',3,'2023-02-13 15:02:47',NULL),(798,'PIM','Productos','Actualizar',2,'2023-02-13 15:02:57',NULL),(799,'PIM','Integracion','Ver',2,'2023-02-13 15:03:00',NULL),(800,'PIM','Integracion','Actualizar',2,'2023-02-13 15:03:01',NULL),(801,'PIM','Marcas','Ver',2,'2023-02-13 15:03:02',NULL),(802,'PIM','Marcas','Actualizar',2,'2023-02-13 15:03:02',NULL),(803,'PIM','Situaciones','Ver',2,'2023-02-13 15:03:03',NULL),(804,'PIM','Situaciones','Actualizar',2,'2023-02-13 15:03:04',NULL),(805,'PIM','Multimedia','Ver',2,'2023-02-13 15:03:05',NULL),(806,'PIM','Multimedia','Actualizar',2,'2023-02-13 15:03:05',NULL),(807,'PIM','Atributos','Ver',2,'2023-02-13 15:03:07',NULL),(808,'PIM','Atributos','Actualizar',2,'2023-02-13 15:03:07',NULL),(809,'PIM','GrupoAtributos','Ver',2,'2023-02-13 15:03:08',NULL),(810,'PIM','GrupoAtributos','Actualizar',2,'2023-02-13 15:03:09',NULL),(811,'PIM','Roles','Ver',2,'2023-02-13 15:03:10',NULL),(812,'PIM','Roles','Actualizar',2,'2023-02-13 15:03:10',NULL),(813,'PIM','Categorias','Ver',2,'2023-02-13 15:03:11',NULL),(814,'PIM','Categorias','Actualizar',2,'2023-02-13 15:03:12',NULL),(815,'PIM','Idiomas','Ver',2,'2023-02-13 15:03:12',NULL),(816,'PIM','Idiomas','Actualizar',2,'2023-02-13 15:03:13',NULL),(817,'PIM','Traducciones','Ver',2,'2023-02-13 15:03:14',NULL),(818,'PIM','Traducciones','Actualizar',2,'2023-02-13 15:03:14',NULL),(819,'PIM','Usuarios','Ver',2,'2023-02-13 15:03:15',NULL),(820,'PIM','Usuarios','Actualizar',2,'2023-02-13 15:03:15',NULL),(821,'PIM','Empresas','Ver',2,'2023-02-13 15:03:16',NULL),(822,'PIM','Empresas','Actualizar',2,'2023-02-13 15:03:17',NULL),(823,'PIM','Sincronizaciones','Ver',2,'2023-02-13 15:03:19',NULL),(824,'PIM','Documentacion API','Ver',2,'2023-02-13 15:03:19',NULL),(825,'PIM','GrupoAtributos','Ver',1,'2023-02-13 16:44:30',NULL);
/*!40000 ALTER TABLE `permisos` ENABLE KEYS */;
UNLOCK TABLES;

--
-- Table structure for table `plantilla`
--

DROP TABLE IF EXISTS `plantilla`;
/*!40101 SET @saved_cs_client     = @@character_set_client */;
/*!40101 SET character_set_client = utf8 */;
CREATE TABLE `plantilla` (
  `id` int(11) NOT NULL AUTO_INCREMENT,
  `id_empresa` int(11) DEFAULT NULL,
  `nombre` varchar(30) NOT NULL,
  `tabla` varchar(30) NOT NULL,
  `cabecera` varchar(150) DEFAULT NULL,
  `descripcion` varchar(200) DEFAULT NULL,
  PRIMARY KEY (`id`)
) ENGINE=InnoDB AUTO_INCREMENT=38 DEFAULT CHARSET=utf8mb4 COLLATE=utf8mb4_general_ci;
/*!40101 SET character_set_client = @saved_cs_client */;

--
-- Dumping data for table `plantilla`
--

LOCK TABLES `plantilla` WRITE;
/*!40000 ALTER TABLE `plantilla` DISABLE KEYS */;
INSERT INTO `plantilla` VALUES (37,1,'Atributos','atributos','grupoAtributosId,UnidadSN,TipoCampo,UnidadAecoc,PosiblesValoresAecoc,Unidad,Filtro,Nombre,Codigo,TagAecoc,TagUOM,Categorias,PosiblesValores','atributos');
/*!40000 ALTER TABLE `plantilla` ENABLE KEYS */;
UNLOCK TABLES;

--
-- Table structure for table `producto_atributos`
--

DROP TABLE IF EXISTS `producto_atributos`;
/*!40101 SET @saved_cs_client     = @@character_set_client */;
/*!40101 SET character_set_client = utf8 */;
CREATE TABLE `producto_atributos` (
  `id` int(11) NOT NULL AUTO_INCREMENT,
  `producto_id` int(11) NOT NULL,
  `atributo_id` int(11) NOT NULL,
  `valor` varchar(500) DEFAULT NULL,
  `nombre` varchar(45) DEFAULT NULL,
  `unidad` varchar(8) DEFAULT NULL,
  `ordenEnGrupo` varchar(3) DEFAULT NULL,
  `FechaCreacion` timestamp NULL DEFAULT current_timestamp(),
  `FechaModificacion` timestamp NULL DEFAULT NULL ON UPDATE current_timestamp(),
  PRIMARY KEY (`id`,`atributo_id`,`producto_id`)
) ENGINE=InnoDB AUTO_INCREMENT=113630 DEFAULT CHARSET=utf8 COLLATE=utf8_unicode_ci;
/*!40101 SET character_set_client = @saved_cs_client */;

--
-- Dumping data for table `producto_atributos`
--

LOCK TABLES `producto_atributos` WRITE;
/*!40000 ALTER TABLE `producto_atributos` DISABLE KEYS */;
INSERT INTO `producto_atributos` VALUES (113624,1,2,'2','Peso','Kg','0','2023-02-13 16:16:30','2023-02-14 11:44:05'),(113626,1,7,'','Volumen','m^3',NULL,'2023-02-13 16:16:30',NULL),(113628,1,8,'','Fragilidad','',NULL,'2023-02-13 16:16:30',NULL),(113629,1,5,'','Conexión wi-fi','',NULL,'2023-02-13 16:37:07',NULL);
/*!40000 ALTER TABLE `producto_atributos` ENABLE KEYS */;
UNLOCK TABLES;

--
-- Table structure for table `producto_general`
--

DROP TABLE IF EXISTS `producto_general`;
/*!40101 SET @saved_cs_client     = @@character_set_client */;
/*!40101 SET character_set_client = utf8 */;
CREATE TABLE `producto_general` (
  `id` int(11) NOT NULL AUTO_INCREMENT,
  `producto_id` int(11) NOT NULL,
  `sku` varchar(45) DEFAULT NULL,
  `ean` varchar(45) DEFAULT NULL,
  `marca` varchar(45) DEFAULT NULL,
  `estado_referencia` varchar(45) DEFAULT NULL,
  `descripcion` varchar(5000) DEFAULT NULL,
  `titulo` varchar(500) DEFAULT NULL,
  `descripcion_larga` varchar(5000) DEFAULT NULL,
  `palabras_clave` varchar(500) DEFAULT NULL,
  `GLN` varchar(45) DEFAULT NULL,
  `FormatoRP` varchar(1) DEFAULT NULL,
  `Dimensiones` varchar(45) DEFAULT NULL,
  `Color` varchar(45) DEFAULT NULL,
  `FechaCreacion` timestamp NULL DEFAULT current_timestamp(),
  `FechaModificacion` timestamp NULL DEFAULT NULL ON UPDATE current_timestamp(),
  PRIMARY KEY (`id`,`producto_id`)
) ENGINE=InnoDB AUTO_INCREMENT=1610 DEFAULT CHARSET=utf8 COLLATE=utf8_unicode_ci;
/*!40101 SET character_set_client = @saved_cs_client */;

--
-- Dumping data for table `producto_general`
--

LOCK TABLES `producto_general` WRITE;
/*!40000 ALTER TABLE `producto_general` DISABLE KEYS */;
INSERT INTO `producto_general` VALUES (1,1,'EV120','','SSG','ACTIVA',NULL,NULL,NULL,NULL,NULL,'R',NULL,NULL,'2023-02-17 08:02:49','2023-02-17 08:05:20'),(2,2,'EV145','','LG','ACTIVA',NULL,NULL,NULL,NULL,NULL,'R',NULL,NULL,'2023-02-17 08:02:49','2023-02-17 08:05:20'),(3,3,'EV190',NULL,'FAG','ACTIVA',NULL,NULL,NULL,NULL,NULL,'R',NULL,NULL,'2023-02-17 08:02:49','2023-02-17 08:05:20'),(4,4,'EH893',NULL,'SSG','ACTIVA',NULL,NULL,NULL,NULL,NULL,'R',NULL,NULL,'2023-02-17 08:02:49','2023-02-17 08:05:20'),(5,5,'EF9045',NULL,'LG','ACTIVA',NULL,NULL,NULL,NULL,NULL,'R',NULL,NULL,'2023-02-17 08:02:49','2023-02-17 08:05:20'),(6,6,'EF8034',NULL,'FAG','ACTIVA',NULL,NULL,NULL,NULL,NULL,'R',NULL,NULL,'2023-02-17 08:02:49','2023-02-17 08:05:20'),(7,7,'EF1234',NULL,'SSG','ACTIVA',NULL,NULL,NULL,NULL,NULL,'R',NULL,NULL,'2023-02-17 08:02:49','2023-02-17 08:05:20'),(8,8,'EF5645',NULL,'LG','ACTIVA',NULL,NULL,NULL,NULL,NULL,'R',NULL,NULL,'2023-02-17 08:02:49','2023-02-17 08:05:20'),(9,9,'EF7893',NULL,'FAG','ACTIVA',NULL,NULL,NULL,NULL,NULL,'R',NULL,NULL,'2023-02-17 08:02:49','2023-02-17 08:05:20'),(10,10,'EH501',NULL,'SSG','ACTIVA',NULL,NULL,NULL,NULL,NULL,'R',NULL,NULL,'2023-02-17 08:02:49','2023-02-17 08:05:20'),(11,11,'EH502',NULL,'LG','ACTIVA',NULL,NULL,NULL,NULL,NULL,'R',NULL,NULL,'2023-02-17 08:02:49','2023-02-17 08:05:20'),(12,12,'C1012',NULL,'RE','ACTIVA',NULL,NULL,NULL,NULL,NULL,'R',NULL,NULL,'2023-02-17 08:02:49','2023-02-17 08:05:20'),(13,13,'C2012',NULL,'RE','ACTIVA',NULL,NULL,NULL,NULL,NULL,'R',NULL,NULL,'2023-02-17 08:02:49','2023-02-17 08:05:20'),(14,14,'C3012',NULL,'RE','ACTIVA',NULL,NULL,NULL,NULL,NULL,'R',NULL,NULL,'2023-02-17 08:02:49','2023-02-17 08:05:20'),(15,15,'C4012',NULL,'SE','ACTIVA',NULL,NULL,NULL,NULL,NULL,'R',NULL,NULL,'2023-02-17 08:02:49','2023-02-17 08:05:20'),(16,16,'C5012',NULL,'SE','ACTIVA',NULL,NULL,NULL,NULL,NULL,'R',NULL,NULL,'2023-02-17 08:02:49','2023-02-17 08:05:20'),(17,17,'C6012',NULL,'SE','ACTIVA',NULL,NULL,NULL,NULL,NULL,'R',NULL,NULL,'2023-02-17 08:02:49','2023-02-17 08:05:20'),(18,18,'C7012',NULL,'DC','ACTIVA',NULL,NULL,NULL,NULL,NULL,'R',NULL,NULL,'2023-02-17 08:02:49','2023-02-17 08:05:20'),(19,19,'C8012',NULL,'DC','ACTIVA',NULL,NULL,NULL,NULL,NULL,'R',NULL,NULL,'2023-02-17 08:02:49','2023-02-17 08:05:20'),(20,20,'C9012',NULL,'DC','ACTIVA',NULL,NULL,NULL,NULL,NULL,'R',NULL,NULL,'2023-02-17 08:02:49','2023-02-17 08:05:20'),(21,21,'C0012',NULL,'RE','ACTIVA',NULL,NULL,NULL,NULL,NULL,'R',NULL,NULL,'2023-02-17 08:02:49','2023-02-17 08:05:20'),(22,22,'C3010',NULL,'SE','ACTIVA',NULL,NULL,NULL,NULL,NULL,'R',NULL,NULL,'2023-02-17 08:02:49','2023-02-17 08:05:20'),(23,23,'T3409',NULL,'LOG','ACTIVA',NULL,NULL,NULL,NULL,NULL,'R',NULL,NULL,'2023-02-17 08:02:49','2023-02-17 08:05:20'),(24,24,'T0045',NULL,'LOG','ACTIVA',NULL,NULL,NULL,NULL,NULL,'R',NULL,NULL,'2023-02-17 08:02:49','2023-02-17 08:05:20'),(25,25,'T1568',NULL,'LOG','ACTIVA',NULL,NULL,NULL,NULL,NULL,'R',NULL,NULL,'2023-02-17 08:02:49','2023-02-17 08:05:20'),(26,26,'T5433',NULL,'STS','ACTIVA',NULL,NULL,NULL,NULL,NULL,'R',NULL,NULL,'2023-02-17 08:02:49','2023-02-17 08:05:20'),(27,27,'T1345',NULL,'STS','ACTIVA',NULL,NULL,NULL,NULL,NULL,'R',NULL,NULL,'2023-02-17 08:02:49','2023-02-17 08:05:20'),(28,28,'R8934',NULL,'STS','ACTIVA',NULL,NULL,NULL,NULL,NULL,'R',NULL,NULL,'2023-02-17 08:02:49','2023-02-17 08:05:20'),(29,29,'R7356',NULL,'RZ','ACTIVA',NULL,NULL,NULL,NULL,NULL,'R',NULL,NULL,'2023-02-17 08:02:49','2023-02-17 08:05:20'),(30,30,'R6234',NULL,'RZ','ACTIVA',NULL,NULL,NULL,NULL,NULL,'R',NULL,NULL,'2023-02-17 08:02:49','2023-02-17 08:05:20'),(31,31,'R3524',NULL,'RZ','ACTIVA',NULL,NULL,NULL,NULL,NULL,'R',NULL,NULL,'2023-02-17 08:02:49','2023-02-17 08:05:36'),(32,32,'A345',NULL,'LOG','ACTIVA',NULL,NULL,NULL,NULL,NULL,'R',NULL,NULL,'2023-02-17 08:02:49','2023-02-17 08:05:20'),(33,33,'A083',NULL,'RZ','ACTIVA',NULL,NULL,NULL,NULL,NULL,'R',NULL,NULL,'2023-02-17 08:02:49','2023-02-17 08:05:20');
/*!40000 ALTER TABLE `producto_general` ENABLE KEYS */;
UNLOCK TABLES;

--
-- Table structure for table `producto_multimedia`
--

DROP TABLE IF EXISTS `producto_multimedia`;
/*!40101 SET @saved_cs_client     = @@character_set_client */;
/*!40101 SET character_set_client = utf8 */;
CREATE TABLE `producto_multimedia` (
  `id` int(11) NOT NULL AUTO_INCREMENT,
  `producto_id` int(11) NOT NULL,
  `tipo` varchar(45) DEFAULT NULL,
  `fichero` varchar(250) DEFAULT NULL,
  `nombre` varchar(45) DEFAULT NULL,
  `categoria` varchar(1) DEFAULT NULL,
  `Objetivo` varchar(30) DEFAULT NULL,
  `Formato` varchar(30) DEFAULT NULL,
  `PrincipalSN` varchar(1) DEFAULT NULL,
  `PublicoSN` varchar(1) DEFAULT NULL,
  `TagAecoc` varchar(45) DEFAULT NULL,
  `FechaCreacion` timestamp NULL DEFAULT current_timestamp(),
  `FechaModificacion` timestamp NULL DEFAULT NULL ON UPDATE current_timestamp(),
  PRIMARY KEY (`id`,`producto_id`)
) ENGINE=InnoDB AUTO_INCREMENT=54894 DEFAULT CHARSET=utf8 COLLATE=utf8_unicode_ci;
/*!40101 SET character_set_client = @saved_cs_client */;

--
-- Dumping data for table `producto_multimedia`
--

LOCK TABLES `producto_multimedia` WRITE;
/*!40000 ALTER TABLE `producto_multimedia` DISABLE KEYS */;
/*!40000 ALTER TABLE `producto_multimedia` ENABLE KEYS */;
UNLOCK TABLES;

--
-- Table structure for table `productos`
--

DROP TABLE IF EXISTS `productos`;
/*!40101 SET @saved_cs_client     = @@character_set_client */;
/*!40101 SET character_set_client = utf8 */;
CREATE TABLE `productos` (
  `id` int(11) NOT NULL AUTO_INCREMENT,
  `empresa_id` int(11) NOT NULL,
  `nombre` varchar(45) DEFAULT NULL,
  `imagen` varchar(250) DEFAULT NULL,
  `categorias` varchar(500) DEFAULT NULL,
  `finalizado` varchar(1) DEFAULT 'N',
  `ordenAtributos` varchar(64) DEFAULT NULL,
  `enviarAecoc` varchar(1) DEFAULT NULL,
  `FechaCreacion` timestamp NULL DEFAULT current_timestamp(),
  `FechaModificacion` timestamp NULL DEFAULT NULL ON UPDATE current_timestamp(),
  PRIMARY KEY (`id`,`empresa_id`)
) ENGINE=InnoDB AUTO_INCREMENT=34 DEFAULT CHARSET=utf8 COLLATE=utf8_unicode_ci;
/*!40101 SET character_set_client = @saved_cs_client */;

--
-- Dumping data for table `productos`
--

LOCK TABLES `productos` WRITE;
/*!40000 ALTER TABLE `productos` DISABLE KEYS */;
INSERT INTO `productos` VALUES (1,1,'EV120','/multimedia/EV120/imagen_principal.jpg','VENTILADORES TECHO','N',NULL,'N','2023-02-17 07:35:43','2023-03-21 08:16:57'),(2,1,'EV145','/multimedia/EV145/imagen_principal.jpg','VENTILADORES','N',NULL,'N','2023-02-17 07:35:43','2023-03-21 08:16:57'),(3,1,'EV190','/multimedia/EV190/imagen_principal.jpg','VENTILADORES TECHO','N',NULL,'N','2023-02-17 07:35:43','2023-03-21 08:16:57'),(4,1,'EH893','/multimedia/EH893/imagen_principal.jpg','HORNOS','N',NULL,'N','2023-02-17 07:35:43','2023-03-21 08:16:57'),(5,1,'EF9045','/multimedia/EF9045/imagen_principal.jpg','FRIGORIFICOS','N',NULL,'N','2023-02-17 07:35:43','2023-03-21 08:16:57'),(6,1,'EF8034','/multimedia/EF8034/imagen_principal.jpg','FRIGORIFICOS 4 PTAS','N',NULL,'N','2023-02-17 07:35:43','2023-03-21 08:16:56'),(7,1,'EF1234','/multimedia/EF1234/imagen_principal.jpg','FRIGORIFICOS 4 PTAS','N',NULL,'N','2023-02-17 07:35:43','2023-03-21 08:13:26'),(8,1,'EF5645','/multimedia/EF5645/imagen_principal.jpg','FRIGORIFICOS FD','N',NULL,'N','2023-02-17 07:35:43','2023-03-21 08:16:56'),(9,1,'EF7893','/multimedia/EF7893/imagen_principal.jpg','FRIGORIFICOS FD','N',NULL,'N','2023-02-17 07:35:43','2023-03-21 08:16:58'),(10,1,'EH501','/multimedia/EH501/imagen_principal.jpg','HORNOS','N',NULL,'N','2023-02-17 07:35:43','2023-03-21 08:16:58'),(11,1,'EH502','/multimedia/EH502/imagen_principal.jpg','HORNOS','N',NULL,'N','2023-02-17 07:35:43','2023-03-21 08:16:58'),(12,2,'C1012','/multimedia/C1012/imagen_principal.jpg','URBANO','N',NULL,'N','2023-02-17 07:35:43','2023-03-21 08:16:58'),(13,2,'C2012','/multimedia/C2012/imagen_principal.jpg','UTILITARIO','N',NULL,'N','2023-02-17 07:35:43','2023-03-21 08:16:58'),(14,2,'C3012','/multimedia/C3012/imagen_principal.jpg','COMPACTO','N',NULL,'N','2023-02-17 07:35:43','2023-03-21 08:16:59'),(15,2,'C4012','/multimedia/C4012/imagen_principal.jpg','BERLINA','N',NULL,'N','2023-02-17 07:35:43','2023-03-21 08:16:59'),(16,2,'C5012','/multimedia/C5012/imagen_principal.jpg','MONOVOLUMEN','N',NULL,'N','2023-02-17 07:35:43','2023-03-21 08:17:03'),(17,2,'C6012','/multimedia/C6012/imagen_principal.jpg','TODOTERRENO','N',NULL,'N','2023-02-17 07:35:43','2023-03-21 08:16:59'),(18,2,'C7012','/multimedia/C7012/imagen_principal.jpg','CROSSOVER','N',NULL,'N','2023-02-17 07:35:43','2023-03-21 08:16:59'),(19,2,'C8012','/multimedia/C8012/imagen_principal.jpg','DEPORTIVO','N',NULL,'N','2023-02-17 07:35:43','2023-03-21 08:16:59'),(20,2,'C9012','/multimedia/C9012/imagen_principal.jpg','URBANO','N',NULL,'N','2023-02-17 07:35:43','2023-03-21 08:17:00'),(21,2,'C0012','/multimedia/C0012/imagen_principal.jpg','COMPACTO','N',NULL,'N','2023-02-17 07:35:43','2023-03-21 08:17:00'),(22,2,'C3010','/multimedia/C3010/imagen_principal.jpg','MONOVOLUMEN','N',NULL,'N','2023-02-17 07:35:43','2023-03-21 08:17:02'),(23,3,'T3409','/multimedia/T3409/imagen_principal.jpg','TECLADOS MECÁNICOS','N',NULL,'N','2023-02-17 07:35:43','2023-03-21 08:17:02'),(24,3,'T0045','/multimedia/T0045/imagen_principal.jpg','TECLADOS MECÁNICOS','N',NULL,'N','2023-02-17 07:35:43','2023-03-21 08:17:02'),(25,3,'T1568','/multimedia/T1568/imagen_principal.jpg','TECLADOS MECÁNICOS','N',NULL,'N','2023-02-17 07:35:43','2023-03-21 08:17:02'),(26,3,'T5433','/multimedia/T5433/imagen_principal.jpg','TECLADOS MEMBRANA','N',NULL,'N','2023-02-17 07:35:43','2023-03-21 08:17:01'),(27,3,'T1345','/multimedia/T1345/imagen_principal.jpg','TECLADOS MEMBRANA','N',NULL,'N','2023-02-17 07:35:43','2023-03-21 08:17:01'),(28,3,'R8934','/multimedia/R8934/imagen_principal.jpg','RATONES ÓPTICOS','N',NULL,'N','2023-02-17 07:35:43','2023-03-21 08:17:01'),(29,3,'R7356','/multimedia/R7356/imagen_principal.jpg','RATONES ÓPTICOS','N',NULL,'N','2023-02-17 07:35:43','2023-03-21 08:17:01'),(30,3,'R6234','/multimedia/R6234/imagen_principal.jpg','RATONES ÓPTICOS','N',NULL,'N','2023-02-17 07:35:43','2023-03-21 08:17:01'),(31,3,'R3524','/multimedia/R3524/imagen_principal.jpg','RATONES LASER','N',NULL,'N','2023-02-17 07:35:43','2023-03-21 08:17:00'),(32,3,'A345','/multimedia/A345/imagen_principal.jpg','ALFOMBRILLAS','N',NULL,'N','2023-02-17 07:35:43','2023-03-21 08:17:00'),(33,3,'A083','/multimedia/A083/imagen_principal.jpg','ALFOMBRILLAS','N',NULL,'N','2023-02-17 07:35:43','2023-03-21 08:17:00');
/*!40000 ALTER TABLE `productos` ENABLE KEYS */;
UNLOCK TABLES;

--
-- Table structure for table `refreshtoken`
--

DROP TABLE IF EXISTS `refreshtoken`;
/*!40101 SET @saved_cs_client     = @@character_set_client */;
/*!40101 SET character_set_client = utf8 */;
CREATE TABLE `refreshtoken` (
  `id` int(11) NOT NULL AUTO_INCREMENT,
  `userId` int(11) NOT NULL,
  `refreshToken` varchar(300) NOT NULL,
  PRIMARY KEY (`id`)
) ENGINE=InnoDB AUTO_INCREMENT=385 DEFAULT CHARSET=utf8 COLLATE=utf8_unicode_ci;
/*!40101 SET character_set_client = @saved_cs_client */;

--
-- Dumping data for table `refreshtoken`
--

LOCK TABLES `refreshtoken` WRITE;
/*!40000 ALTER TABLE `refreshtoken` DISABLE KEYS */;
INSERT INTO `refreshtoken` VALUES (370,1,'eyJhbGciOiJIUzI1NiIsInR5cCI6IkpXVCJ9.eyJ0b2tlbiI6IjMyZWQyZGE5LTljZDMtNDg0Zi04MjM4LTkzOGFmNDMyYTE2OCIsImlhdCI6MTY3NjI5OTkxMCwiZXhwIjoxNjc2NTE1OTEwLCJpc3MiOiJEeW5hTUl6YXRJQy0xOTEwIn0.0rJ_IaD2qtwgPsp_3XkdbiXo9Mfa1yd89uuxAW4g1GA'),(371,1,'eyJhbGciOiJIUzI1NiIsInR5cCI6IkpXVCJ9.eyJ0b2tlbiI6IjI2MTU5NWExLTA1MmUtNDc4ZC1iYzljLTg1ODU5ZjNkZGMwNSIsImlhdCI6MTY3NjMwMDQyOSwiZXhwIjoxNjc2NTE2NDI5LCJpc3MiOiJEeW5hTUl6YXRJQy0xOTEwIn0.IsBHjL1HhlP5Zcv9JH4hPeb1kuAQTo1a0W-nklRzph4'),(372,1,'eyJhbGciOiJIUzI1NiIsInR5cCI6IkpXVCJ9.eyJ0b2tlbiI6IjA1ODkwNDgwLWQzMjAtNDdlNC04ODNhLWY0MWI3OThkODQ0YiIsImlhdCI6MTY3NjMwMDQ5OSwiZXhwIjoxNjc2NTE2NDk5LCJpc3MiOiJEeW5hTUl6YXRJQy0xOTEwIn0.bl4Ug-p5UkZcLWXUd-gs53CQN9WR7FK-mjif0me-BU8'),(373,1,'eyJhbGciOiJIUzI1NiIsInR5cCI6IkpXVCJ9.eyJ0b2tlbiI6ImQ0OWFkNWI3LTA2NjQtNGFkNC1hMGQxLTJlMWRiNDRlYTg3ZCIsImlhdCI6MTY3NjMwMDY4MywiZXhwIjoxNjc2NTE2NjgzLCJpc3MiOiJEeW5hTUl6YXRJQy0xOTEwIn0.ze2KPvt73t2AVdZ9Ok6Aw1C9mRdfX3_IiAV3UMgvYUE'),(374,1,'eyJhbGciOiJIUzI1NiIsInR5cCI6IkpXVCJ9.eyJ0b2tlbiI6IjAwNzkwNDYwLTYwNmItNDk3OS04ZTljLTIyOGJiYzNjYjE1ZSIsImlhdCI6MTY3NjMwMDk0NSwiZXhwIjoxNjc2NTE2OTQ1LCJpc3MiOiJEeW5hTUl6YXRJQy0xOTEwIn0.azcISA1EDkmctf2pTgmkysaXYUAUeTJQnyr6LuYNGwQ'),(375,1,'eyJhbGciOiJIUzI1NiIsInR5cCI6IkpXVCJ9.eyJ0b2tlbiI6IjEzODQ4MGNiLTQwYzQtNDc5NC1iMmFjLTNlNWFmMTczN2RlNSIsImlhdCI6MTY3NjMwMjE5MywiZXhwIjoxNjc2NTE4MTkzLCJpc3MiOiJEeW5hTUl6YXRJQy0xOTEwIn0.bouEoNAAHPxWs__RbGNiSRKjQkuCyZ99PyogcEBgBPE'),(376,1,'eyJhbGciOiJIUzI1NiIsInR5cCI6IkpXVCJ9.eyJ0b2tlbiI6ImVjM2JmNWNlLTBhYTAtNDI3YS1hZDgxLTQ1MmVlNzA4YjJiMCIsImlhdCI6MTY3NjMwMzI0NCwiZXhwIjoxNjc2NTE5MjQ0LCJpc3MiOiJEeW5hTUl6YXRJQy0xOTEwIn0.2PF67xmHCEg_LrcqA4cpLge6mF5j11rHc1qTu_wN060'),(377,1,'eyJhbGciOiJIUzI1NiIsInR5cCI6IkpXVCJ9.eyJ0b2tlbiI6ImU3ZDhlNTUwLWI2MjAtNDA4Yy05M2NlLTBiMmMzNzVkM2MyYyIsImlhdCI6MTY3NjMwMzczMywiZXhwIjoxNjc2NTE5NzMzLCJpc3MiOiJEeW5hTUl6YXRJQy0xOTEwIn0.kP42YWdHbDwTQMzfuhe9olWnbi6Ni-qG7s48O5n3lBE'),(378,1,'eyJhbGciOiJIUzI1NiIsInR5cCI6IkpXVCJ9.eyJ0b2tlbiI6ImJiY2MyOTQzLTI0ZTMtNDQ2OC1hMjg1LTkzMjQ3NjNhOGRkMyIsImlhdCI6MTY3NjM2NTU1NiwiZXhwIjoxNjc2NTgxNTU2LCJpc3MiOiJEeW5hTUl6YXRJQy0xOTEwIn0.rpMofSFIoa-J5OAuR7bNK0TpSGguESISGStdDtDLFpI'),(379,1,'eyJhbGciOiJIUzI1NiIsInR5cCI6IkpXVCJ9.eyJ0b2tlbiI6ImM0MGJkMTQ3LTE3ODYtNDIyYS04NjM1LThlYWMyNTRmNTMzZiIsImlhdCI6MTY3NjM2ODgwNSwiZXhwIjoxNjc2NTg0ODA1LCJpc3MiOiJEeW5hTUl6YXRJQy0xOTEwIn0.wyIXrvKtdorRI18kdOhdPV_lTuzf5FLwu1p9DwQsLcM'),(380,1,'eyJhbGciOiJIUzI1NiIsInR5cCI6IkpXVCJ9.eyJ0b2tlbiI6IjlkNzY2YjdhLTRjNmQtNGRkYy05ZTgzLTIyMzk5OWYyMzY3NiIsImlhdCI6MTY3NjM2ODkwMiwiZXhwIjoxNjc2NTg0OTAyLCJpc3MiOiJEeW5hTUl6YXRJQy0xOTEwIn0.XSUBsx94iqvYMrOkvvpQtco4aJfNAIkvNAyOUmCEnrQ'),(381,1,'eyJhbGciOiJIUzI1NiIsInR5cCI6IkpXVCJ9.eyJ0b2tlbiI6IjU1MGIxMjk2LTQ2N2ItNDc3ZC1iOGU5LTBhNDUzZTEzYWM5ZiIsImlhdCI6MTY3NjYzMTI1NiwiZXhwIjoxNjc2ODQ3MjU2LCJpc3MiOiJEeW5hTUl6YXRJQy0xOTEwIn0.LhGi4q_xMI-PmyW6zHACV1Ct705D6mAiVyisToV6xQU'),(382,1,'eyJhbGciOiJIUzI1NiIsInR5cCI6IkpXVCJ9.eyJ0b2tlbiI6IjViYTk4NDBmLTRlYWQtNGEyOC1hMTRjLWNlNzAxZmM4N2M5YyIsImlhdCI6MTY3OTM4Mzk2NSwiZXhwIjoxNjc5NTk5OTY1LCJpc3MiOiJEeW5hTUl6YXRJQy0xOTEwIn0.HcZm5YITkJgNJ8CX81VFN0lVB8_JaI6sIWYrhU2R6KA'),(383,1,'eyJhbGciOiJIUzI1NiIsInR5cCI6IkpXVCJ9.eyJ0b2tlbiI6IjBmNmFjYTQ4LWI2MjctNGMxMS05YjNjLTMzNDI5M2IwNmExNCIsImlhdCI6MTY3OTM4NDAxOSwiZXhwIjoxNjc5NjAwMDE5LCJpc3MiOiJEeW5hTUl6YXRJQy0xOTEwIn0.AaXT6cRv_BtvqbOs80MQkdBIvWA28OkVBOb30sUYtdY'),(384,1,'eyJhbGciOiJIUzI1NiIsInR5cCI6IkpXVCJ9.eyJ0b2tlbiI6IjUxNDUzODI0LWVhYTktNDIwYy05MTc0LTRjYTA3YTE3YjZiOSIsImlhdCI6MTY3OTM4NDA1OSwiZXhwIjoxNjc5NjAwMDU5LCJpc3MiOiJEeW5hTUl6YXRJQy0xOTEwIn0.WkAMwhvMMHoxQf8n_bKv0BYSGTOJ7pwxunXaHNdhW2Q');
/*!40000 ALTER TABLE `refreshtoken` ENABLE KEYS */;
UNLOCK TABLES;

--
-- Table structure for table `roles`
--

DROP TABLE IF EXISTS `roles`;
/*!40101 SET @saved_cs_client     = @@character_set_client */;
/*!40101 SET character_set_client = utf8 */;
CREATE TABLE `roles` (
  `id` int(11) NOT NULL AUTO_INCREMENT,
  `nombre` varchar(64) DEFAULT NULL,
  `activo` char(1) DEFAULT NULL,
  `FechaCreacion` timestamp NULL DEFAULT current_timestamp(),
  `FechaModificacion` timestamp NULL DEFAULT NULL ON UPDATE current_timestamp(),
  PRIMARY KEY (`id`)
) ENGINE=InnoDB AUTO_INCREMENT=52172 DEFAULT CHARSET=utf8 COLLATE=utf8_general_ci;
/*!40101 SET character_set_client = @saved_cs_client */;

--
-- Dumping data for table `roles`
--

LOCK TABLES `roles` WRITE;
/*!40000 ALTER TABLE `roles` DISABLE KEYS */;
INSERT INTO `roles` VALUES (1,'Admin','1','2023-02-13 14:55:00','2023-02-13 15:45:22'),(2,'Colaborador','1','2023-02-13 14:55:00','2023-02-13 15:45:22'),(3,'Visualizador','1','2023-02-13 14:55:00','2023-02-13 15:45:22');
/*!40000 ALTER TABLE `roles` ENABLE KEYS */;
UNLOCK TABLES;

--
-- Table structure for table `situaciones`
--

DROP TABLE IF EXISTS `situaciones`;
/*!40101 SET @saved_cs_client     = @@character_set_client */;
/*!40101 SET character_set_client = utf8 */;
CREATE TABLE `situaciones` (
  `id` int(11) NOT NULL AUTO_INCREMENT,
  `nombre` varchar(45) NOT NULL,
  `FechaCreacion` timestamp NULL DEFAULT current_timestamp(),
  `FechaModificacion` timestamp NULL DEFAULT NULL ON UPDATE current_timestamp(),
  PRIMARY KEY (`id`)
) ENGINE=InnoDB AUTO_INCREMENT=14 DEFAULT CHARSET=utf8mb4 COLLATE=utf8mb4_general_ci;
/*!40101 SET character_set_client = @saved_cs_client */;

--
-- Dumping data for table `situaciones`
--

LOCK TABLES `situaciones` WRITE;
/*!40000 ALTER TABLE `situaciones` DISABLE KEYS */;
INSERT INTO `situaciones` VALUES (9,'ACTIVA','2023-02-13 15:38:25',NULL),(10,'DESCATALOGADA','2023-02-13 15:38:32',NULL),(11,'PROXIMAMENTE','2023-02-13 15:38:39',NULL),(12,'EN DESARROLLO','2023-02-13 15:38:45',NULL);
/*!40000 ALTER TABLE `situaciones` ENABLE KEYS */;
UNLOCK TABLES;

--
-- Table structure for table `traducciones`
--

DROP TABLE IF EXISTS `traducciones`;
/*!40101 SET @saved_cs_client     = @@character_set_client */;
/*!40101 SET character_set_client = utf8 */;
CREATE TABLE `traducciones` (
  `id` int(11) NOT NULL AUTO_INCREMENT,
  `idioma_id` varchar(5) NOT NULL,
  `clave` varchar(1000) DEFAULT NULL,
  `valor` varchar(1000) DEFAULT NULL,
  `FechaCreacion` timestamp NULL DEFAULT current_timestamp(),
  `FechaModificacion` timestamp NULL DEFAULT NULL ON UPDATE current_timestamp(),
  PRIMARY KEY (`id`,`idioma_id`)
) ENGINE=InnoDB AUTO_INCREMENT=929 DEFAULT CHARSET=utf8 COLLATE=utf8_unicode_ci;
/*!40101 SET character_set_client = @saved_cs_client */;

--
-- Dumping data for table `traducciones`
--

LOCK TABLES `traducciones` WRITE;
/*!40000 ALTER TABLE `traducciones` DISABLE KEYS */;
INSERT INTO `traducciones` VALUES (12,'es','Atras','Atras','2022-09-05 08:20:12','0000-00-00 00:00:00'),(13,'en','Atras','Back','2022-09-05 08:20:12','0000-00-00 00:00:00'),(14,'fr','Atras','','2022-09-05 08:20:12','0000-00-00 00:00:00'),(15,'pt','Atras','','2022-09-05 08:20:12','0000-00-00 00:00:00'),(76,'en','Producto','Product','2022-09-05 08:20:12','0000-00-00 00:00:00'),(77,'clave','Producto','Producto','2022-09-05 08:20:12','0000-00-00 00:00:00'),(78,'fr','Producto','Produit','2022-09-05 08:20:12','0000-00-00 00:00:00'),(79,'es','Producto','Producto','2022-09-05 08:20:12','0000-00-00 00:00:00'),(80,'pt','Producto','Produtos','2022-09-05 08:20:12','0000-00-00 00:00:00'),(101,'es','Guardar','Guardar','2022-09-05 08:20:12','0000-00-00 00:00:00'),(102,'en','Guardar','Save','2022-09-05 08:20:12','0000-00-00 00:00:00'),(103,'fr','Guardar','','2022-09-05 08:20:12','0000-00-00 00:00:00'),(104,'pt','Guardar','','2022-09-05 08:20:12','0000-00-00 00:00:00'),(105,'es','Buscar','Buscar','2022-09-05 08:20:12','0000-00-00 00:00:00'),(106,'pt','Buscar','','2022-09-05 08:20:12','0000-00-00 00:00:00'),(107,'en','Buscar','Search','2022-09-05 08:20:12','0000-00-00 00:00:00'),(108,'fr','Buscar','','2022-09-05 08:20:12','0000-00-00 00:00:00'),(109,'es','Mostrar','Mostrar','2022-09-05 08:20:12','0000-00-00 00:00:00'),(110,'en','Mostrar','Show','2022-09-05 08:20:12','0000-00-00 00:00:00'),(111,'fr','Mostrar','','2022-09-05 08:20:12','0000-00-00 00:00:00'),(112,'pt','Mostrar','','2022-09-05 08:20:12','0000-00-00 00:00:00'),(113,'es','Entradas','Entradas','2022-09-05 08:20:12','0000-00-00 00:00:00'),(114,'en','Entradas','Entries','2022-09-05 08:20:12','0000-00-00 00:00:00'),(115,'fr','Entradas','','2022-09-05 08:20:12','0000-00-00 00:00:00'),(116,'pt','Entradas','','2022-09-05 08:20:12','0000-00-00 00:00:00'),(117,'es','Añadir Traduccion','Añadir Traduccion','2022-09-05 08:20:12','0000-00-00 00:00:00'),(118,'en','Añadir Traduccion','Add Translation','2022-09-05 08:20:12','0000-00-00 00:00:00'),(119,'fr','Añadir Traduccion','','2022-09-05 08:20:12','0000-00-00 00:00:00'),(120,'pt','Añadir Traduccion','','2022-09-05 08:20:12','0000-00-00 00:00:00'),(121,'es','Acciones','Acciones','2022-09-05 08:20:12','0000-00-00 00:00:00'),(122,'en','Acciones','Actions','2022-09-05 08:20:12','0000-00-00 00:00:00'),(123,'fr','Acciones','','2022-09-05 08:20:12','0000-00-00 00:00:00'),(124,'pt','Acciones','','2022-09-05 08:20:12','0000-00-00 00:00:00'),(125,'es','Editar','Editar','2022-09-05 08:20:12','0000-00-00 00:00:00'),(126,'en','Editar','Edit','2022-09-05 08:20:12','0000-00-00 00:00:00'),(127,'fr','Editar','','2022-09-05 08:20:12','0000-00-00 00:00:00'),(128,'pt','Editar','','2022-09-05 08:20:12','0000-00-00 00:00:00'),(129,'es','Clave','Clave','2022-09-05 08:20:12','0000-00-00 00:00:00'),(130,'en','Clave','Key','2022-09-05 08:20:12','0000-00-00 00:00:00'),(131,'fr','Clave','','2022-09-05 08:20:12','0000-00-00 00:00:00'),(132,'pt','Clave','','2022-09-05 08:20:12','0000-00-00 00:00:00'),(133,'pt','Cancelar','','2022-09-05 08:20:12','0000-00-00 00:00:00'),(134,'fr','Cancelar','','2022-09-05 08:20:12','0000-00-00 00:00:00'),(135,'es','Cancelar','Cancelar','2022-09-05 08:20:12','0000-00-00 00:00:00'),(136,'en','Cancelar','Cancel','2022-09-05 08:20:12','0000-00-00 00:00:00'),(137,'es','Enviar','Enviar','2022-09-05 08:20:12','0000-00-00 00:00:00'),(138,'en','Enviar','Submit','2022-09-05 08:20:12','0000-00-00 00:00:00'),(139,'fr','Enviar','','2022-09-05 08:20:12','0000-00-00 00:00:00'),(140,'pt','Enviar','','2022-09-05 08:20:12','0000-00-00 00:00:00'),(145,'es','Nombre del Producto','Nombre del Producto','2022-09-05 08:20:12','0000-00-00 00:00:00'),(146,'en','Nombre del Producto','Product Name','2022-09-05 08:20:12','0000-00-00 00:00:00'),(147,'fr','Nombre del Producto','','2022-09-05 08:20:12','0000-00-00 00:00:00'),(148,'pt','Nombre del Producto','','2022-09-05 08:20:12','0000-00-00 00:00:00'),(149,'es','Categorias','Categorias','2022-09-05 08:20:12','0000-00-00 00:00:00'),(150,'en','Categorias','Categories','2022-09-05 08:20:12','0000-00-00 00:00:00'),(151,'fr','Categorias','','2022-09-05 08:20:12','0000-00-00 00:00:00'),(152,'pt','Categorias','','2022-09-05 08:20:12','0000-00-00 00:00:00'),(153,'pt','Familias','','2022-09-05 08:20:12','0000-00-00 00:00:00'),(154,'es','Familias','Familias','2022-09-05 08:20:12','0000-00-00 00:00:00'),(155,'en','Familias','Families','2022-09-05 08:20:12','0000-00-00 00:00:00'),(156,'fr','Familias','','2022-09-05 08:20:12','0000-00-00 00:00:00'),(157,'es','Finalizado','Finalizado','2022-09-05 08:20:12','0000-00-00 00:00:00'),(158,'en','Finalizado','Finalized','2022-09-05 08:20:12','0000-00-00 00:00:00'),(159,'fr','Finalizado','','2022-09-05 08:20:12','0000-00-00 00:00:00'),(160,'pt','Finalizado','','2022-09-05 08:20:12','0000-00-00 00:00:00'),(161,'es','Todo','Todo','2022-09-05 08:20:12','0000-00-00 00:00:00'),(162,'en','Todo','All','2022-09-05 08:20:12','0000-00-00 00:00:00'),(163,'pt','Todo','','2022-09-05 08:20:12','0000-00-00 00:00:00'),(164,'fr','Todo','','2022-09-05 08:20:12','0000-00-00 00:00:00'),(165,'fr','No Finalizado','','2022-09-05 08:20:12','0000-00-00 00:00:00'),(166,'pt','No Finalizado','','2022-09-05 08:20:12','0000-00-00 00:00:00'),(167,'en','No Finalizado','Not Finished','2022-09-05 08:20:12','0000-00-00 00:00:00'),(168,'es','No Finalizado','No Finalizado','2022-09-05 08:20:12','0000-00-00 00:00:00'),(169,'es','Nuevo Producto','Nuevo Producto','2022-09-05 08:20:12','0000-00-00 00:00:00'),(170,'en','Nuevo Producto','New Product','2022-09-05 08:20:12','0000-00-00 00:00:00'),(171,'fr','Nuevo Producto','','2022-09-05 08:20:12','0000-00-00 00:00:00'),(172,'pt','Nuevo Producto','','2022-09-05 08:20:12','0000-00-00 00:00:00'),(173,'es','Nombre','Nombre','2022-09-05 08:20:12','0000-00-00 00:00:00'),(174,'en','Nombre','Name','2022-09-05 08:20:12','0000-00-00 00:00:00'),(175,'fr','Nombre','','2022-09-05 08:20:12','0000-00-00 00:00:00'),(176,'pt','Nombre','','2022-09-05 08:20:12','0000-00-00 00:00:00'),(177,'es','Accion','Accion','2022-09-05 08:20:12','0000-00-00 00:00:00'),(178,'en','Accion','Action','2022-09-05 08:20:12','0000-00-00 00:00:00'),(179,'fr','Accion','','2022-09-05 08:20:12','0000-00-00 00:00:00'),(180,'pt','Accion','','2022-09-05 08:20:12','0000-00-00 00:00:00'),(181,'es','Imagen Principal','Imagen Principal','2022-09-05 08:20:12','0000-00-00 00:00:00'),(182,'pt','Imagen Principal','','2022-09-05 08:20:12','0000-00-00 00:00:00'),(183,'en','Imagen Principal','Main Image','2022-09-05 08:20:12','0000-00-00 00:00:00'),(184,'fr','Imagen Principal','','2022-09-05 08:20:12','0000-00-00 00:00:00'),(185,'es','Seleccione una imagen','Seleccione una imagen','2022-09-05 08:20:12','0000-00-00 00:00:00'),(186,'en','Seleccione una imagen','Select an image','2022-09-05 08:20:12','0000-00-00 00:00:00'),(187,'fr','Seleccione una imagen','','2022-09-05 08:20:12','0000-00-00 00:00:00'),(188,'pt','Seleccione una imagen','','2022-09-05 08:20:12','0000-00-00 00:00:00'),(189,'es','General','General','2022-09-05 08:20:12','0000-00-00 00:00:00'),(190,'en','General','General','2022-09-05 08:20:12','0000-00-00 00:00:00'),(191,'fr','General','','2022-09-05 08:20:12','0000-00-00 00:00:00'),(192,'pt','General','em geral','2022-09-05 08:20:12','0000-00-00 00:00:00'),(193,'pt','Productos','','2022-09-05 08:20:12','0000-00-00 00:00:00'),(194,'fr','Productos','','2022-09-05 08:20:12','0000-00-00 00:00:00'),(195,'es','Productos','Productos','2022-09-05 08:20:12','0000-00-00 00:00:00'),(196,'en','Productos','Products','2022-09-05 08:20:12','0000-00-00 00:00:00'),(197,'es','Ingrese nombre del producto','Ingrese nombre del producto','2022-09-05 08:20:12','0000-00-00 00:00:00'),(198,'en','Ingrese nombre del producto','Add name for product','2022-09-05 08:20:12','0000-00-00 00:00:00'),(199,'fr','Ingrese nombre del producto','','2022-09-05 08:20:12','0000-00-00 00:00:00'),(200,'pt','Ingrese nombre del producto','','2022-09-05 08:20:12','0000-00-00 00:00:00'),(201,'pt','Ingrese SKU del producto','','2022-09-05 08:20:12','0000-00-00 00:00:00'),(202,'es','Ingrese SKU del producto','Ingrese SKU del producto','2022-09-05 08:20:12','0000-00-00 00:00:00'),(203,'fr','Ingrese SKU del producto','','2022-09-05 08:20:12','0000-00-00 00:00:00'),(204,'en','Ingrese SKU del producto','Enter Product SKU','2022-09-05 08:20:12','0000-00-00 00:00:00'),(205,'es','Ingrese cód. EAN del producto','Ingrese cód. EAN del producto','2022-09-05 08:20:12','0000-00-00 00:00:00'),(206,'en','Ingrese cód. EAN del producto','Enter cod. Product EAN','2022-09-05 08:20:12','0000-00-00 00:00:00'),(207,'fr','Ingrese cód. EAN del producto','','2022-09-05 08:20:12','0000-00-00 00:00:00'),(208,'pt','Ingrese cód. EAN del producto','','2022-09-05 08:20:12','0000-00-00 00:00:00'),(209,'es','Ingrese marca del producto','Ingrese marca del producto','2022-09-05 08:20:12','0000-00-00 00:00:00'),(210,'fr','Ingrese marca del producto','','2022-09-05 08:20:12','0000-00-00 00:00:00'),(211,'en','Ingrese marca del producto','Enter Product Brand','2022-09-05 08:20:12','0000-00-00 00:00:00'),(212,'pt','Ingrese marca del producto','','2022-09-05 08:20:12','0000-00-00 00:00:00'),(213,'es','Ingrese estado referencia','Ingrese estado referencia','2022-09-05 08:20:12','0000-00-00 00:00:00'),(214,'en','Ingrese estado referencia','Enter references state','2022-09-05 08:20:12','0000-00-00 00:00:00'),(215,'fr','Ingrese estado referencia','','2022-09-05 08:20:12','0000-00-00 00:00:00'),(216,'pt','Ingrese estado referencia','','2022-09-05 08:20:12','0000-00-00 00:00:00'),(217,'es','Ingrese título','Ingrese título','2022-09-05 08:20:12','0000-00-00 00:00:00'),(218,'en','Ingrese título','Enter tittle','2022-09-05 08:20:12','0000-00-00 00:00:00'),(219,'fr','Ingrese título','','2022-09-05 08:20:12','0000-00-00 00:00:00'),(220,'pt','Ingrese título','','2022-09-05 08:20:12','0000-00-00 00:00:00'),(221,'es','Ingrese descripción corta del producto','Ingrese descripción corta del producto','2022-09-05 08:20:12','0000-00-00 00:00:00'),(222,'en','Ingrese descripción corta del producto','Enter short description of the product','2022-09-05 08:20:12','0000-00-00 00:00:00'),(223,'fr','Ingrese descripción corta del producto','','2022-09-05 08:20:12','0000-00-00 00:00:00'),(224,'pt','Ingrese descripción corta del producto','','2022-09-05 08:20:12','0000-00-00 00:00:00'),(229,'es','Descripción Larga','Descripción Larga','2022-09-05 08:20:12','0000-00-00 00:00:00'),(230,'en','Descripción Larga','Long Description','2022-09-05 08:20:12','0000-00-00 00:00:00'),(231,'fr','Descripción Larga','','2022-09-05 08:20:12','0000-00-00 00:00:00'),(232,'pt','Descripción Larga','','2022-09-05 08:20:12','0000-00-00 00:00:00'),(233,'pt','Atributos','','2022-09-05 08:20:12','0000-00-00 00:00:00'),(234,'fr','Atributos','','2022-09-05 08:20:12','0000-00-00 00:00:00'),(235,'es','Atributos','Atributos','2022-09-05 08:20:12','0000-00-00 00:00:00'),(236,'en','Atributos','Attributes','2022-09-05 08:20:12','0000-00-00 00:00:00'),(237,'es','Grupo de atributos','Grupo de atributos','2022-09-05 08:20:12','0000-00-00 00:00:00'),(238,'en','Grupo de atributos','Group of attributes','2022-09-05 08:20:12','0000-00-00 00:00:00'),(239,'fr','Grupo de atributos','','2022-09-05 08:20:12','0000-00-00 00:00:00'),(240,'pt','Grupo de atributos','','2022-09-05 08:20:12','0000-00-00 00:00:00'),(241,'es','Seleccione grupo para añadir','Seleccione grupo para añadir','2022-09-05 08:20:12','0000-00-00 00:00:00'),(242,'en','Seleccione grupo para añadir','Select a group to add','2022-09-05 08:20:12','0000-00-00 00:00:00'),(243,'fr','Seleccione grupo para añadir','','2022-09-05 08:20:12','0000-00-00 00:00:00'),(244,'pt','Seleccione grupo para añadir','','2022-09-05 08:20:12','0000-00-00 00:00:00'),(245,'fr','Grupos de atributos','','2022-09-05 08:20:12','0000-00-00 00:00:00'),(246,'es','Grupos de atributos','Grupos de Atributos','2022-09-05 08:20:12','0000-00-00 00:00:00'),(247,'pt','Grupos de atributos','','2022-09-05 08:20:12','0000-00-00 00:00:00'),(248,'en','Grupos de atributos','Groups of Attributes','2022-09-05 08:20:12','0000-00-00 00:00:00'),(249,'en','Seleccione grupo a añadir','Select a group to add','2022-09-05 08:20:12','0000-00-00 00:00:00'),(250,'es','Seleccione grupo a añadir','Seleccione grupo a añadir','2022-09-05 08:20:12','0000-00-00 00:00:00'),(251,'fr','Seleccione grupo a añadir','','2022-09-05 08:20:12','0000-00-00 00:00:00'),(252,'pt','Seleccione grupo a añadir','','2022-09-05 08:20:12','0000-00-00 00:00:00'),(253,'es','Ingrese valor','Ingrese valor','2022-09-05 08:20:12','0000-00-00 00:00:00'),(254,'en','Ingrese valor','Enter value','2022-09-05 08:20:12','0000-00-00 00:00:00'),(255,'fr','Ingrese valor','','2022-09-05 08:20:12','0000-00-00 00:00:00'),(256,'pt','Ingrese valor','','2022-09-05 08:20:12','0000-00-00 00:00:00'),(257,'es','Añadir','Añadir','2022-09-05 08:20:12','0000-00-00 00:00:00'),(258,'en','Añadir','Add','2022-09-05 08:20:12','0000-00-00 00:00:00'),(259,'fr','Añadir','','2022-09-05 08:20:12','0000-00-00 00:00:00'),(260,'pt','Añadir','','2022-09-05 08:20:12','0000-00-00 00:00:00'),(261,'fr','Añadir nueva','','2022-09-05 08:20:12','0000-00-00 00:00:00'),(262,'en','Añadir nueva','Add New','2022-09-05 08:20:12','0000-00-00 00:00:00'),(263,'es','Añadir nueva','Añadir nueva','2022-09-05 08:20:12','0000-00-00 00:00:00'),(264,'pt','Añadir nueva','','2022-09-05 08:20:12','0000-00-00 00:00:00'),(265,'es','Ingrese nombre','Ingrese nombre','2022-09-05 08:20:12','0000-00-00 00:00:00'),(266,'en','Ingrese nombre','Enter name','2022-09-05 08:20:12','0000-00-00 00:00:00'),(267,'fr','Ingrese nombre','','2022-09-05 08:20:12','0000-00-00 00:00:00'),(268,'pt','Ingrese nombre','','2022-09-05 08:20:12','0000-00-00 00:00:00'),(269,'es','Características','Características','2022-09-05 08:20:12','0000-00-00 00:00:00'),(270,'en','Características','Features','2022-09-05 08:20:12','0000-00-00 00:00:00'),(271,'pt','Características','','2022-09-05 08:20:12','0000-00-00 00:00:00'),(272,'fr','Características','','2022-09-05 08:20:12','0000-00-00 00:00:00'),(273,'es','Multimedia','Multimedia','2022-09-05 08:20:12','0000-00-00 00:00:00'),(274,'fr','Multimedia','','2022-09-05 08:20:12','0000-00-00 00:00:00'),(275,'en','Multimedia','Multimedia','2022-09-05 08:20:12','0000-00-00 00:00:00'),(276,'pt','Multimedia','','2022-09-05 08:20:12','0000-00-00 00:00:00'),(277,'es','Mostrar todos los archivos multimedia','Mostrar todos los archivos multimedia','2022-09-05 08:20:12','0000-00-00 00:00:00'),(278,'en','Mostrar todos los archivos multimedia','Show all media files','2022-09-05 08:20:12','0000-00-00 00:00:00'),(279,'fr','Mostrar todos los archivos multimedia','','2022-09-05 08:20:12','0000-00-00 00:00:00'),(280,'pt','Mostrar todos los archivos multimedia','','2022-09-05 08:20:12','0000-00-00 00:00:00'),(281,'fr','Seleccione un tipo de Documento','','2022-09-05 08:20:12','0000-00-00 00:00:00'),(282,'en','Seleccione un tipo de Documento','Select a type of Document','2022-09-05 08:20:12','0000-00-00 00:00:00'),(283,'es','Seleccione un tipo de Documento','Seleccione un tipo de Documento','2022-09-05 08:20:12','0000-00-00 00:00:00'),(284,'pt','Seleccione un tipo de Documento','','2022-09-05 08:20:12','0000-00-00 00:00:00'),(285,'pt','Tipo','','2022-09-05 08:20:12','0000-00-00 00:00:00'),(286,'es','Tipo','Tipo','2022-09-05 08:20:12','0000-00-00 00:00:00'),(287,'en','Tipo','Type','2022-09-05 08:20:12','0000-00-00 00:00:00'),(288,'fr','Tipo','','2022-09-05 08:20:12','0000-00-00 00:00:00'),(289,'es','Seleccione tipo de multimedia a añadir','Seleccione tipo de multimedia a añadir','2022-09-05 08:20:12','0000-00-00 00:00:00'),(290,'en','Seleccione tipo de multimedia a añadir','Select a type of media to add','2022-09-05 08:20:12','0000-00-00 00:00:00'),(291,'fr','Seleccione tipo de multimedia a añadir','','2022-09-05 08:20:12','0000-00-00 00:00:00'),(292,'pt','Seleccione tipo de multimedia a añadir','','2022-09-05 08:20:12','0000-00-00 00:00:00'),(293,'fr','Seleccione un nuevo fichero','','2022-09-05 08:20:12','0000-00-00 00:00:00'),(294,'pt','Seleccione un nuevo fichero','','2022-09-05 08:20:12','0000-00-00 00:00:00'),(295,'en','Seleccione un nuevo fichero','Select a new file','2022-09-05 08:20:12','0000-00-00 00:00:00'),(296,'es','Seleccione un nuevo fichero','Seleccione un nuevo fichero','2022-09-05 08:20:12','0000-00-00 00:00:00'),(297,'es','Ingrese nueva URL','Ingrese nueva URL','2022-09-05 08:20:12','0000-00-00 00:00:00'),(298,'en','Ingrese nueva URL','Enter a new URL','2022-09-05 08:20:12','0000-00-00 00:00:00'),(299,'fr','Ingrese nueva URL','','2022-09-05 08:20:12','0000-00-00 00:00:00'),(300,'pt','Ingrese nueva URL','','2022-09-05 08:20:12','0000-00-00 00:00:00'),(301,'pt','Guardar cambios','','2022-09-05 08:20:12','0000-00-00 00:00:00'),(302,'es','Guardar cambios','Guardar cambios','2022-09-05 08:20:12','0000-00-00 00:00:00'),(303,'en','Guardar cambios','Save changes','2022-09-05 08:20:12','0000-00-00 00:00:00'),(304,'fr','Guardar cambios','','2022-09-05 08:20:12','0000-00-00 00:00:00'),(305,'es','Grupo Atributos','Grupo Atributos','2022-09-05 08:20:12','0000-00-00 00:00:00'),(306,'fr','Grupo Atributos','','2022-09-05 08:20:12','0000-00-00 00:00:00'),(307,'en','Grupo Atributos','Group Attributes','2022-09-05 08:20:12','0000-00-00 00:00:00'),(308,'pt','Grupo Atributos','','2022-09-05 08:20:12','0000-00-00 00:00:00'),(309,'es','Roles','Roles','2022-09-05 08:20:12','0000-00-00 00:00:00'),(310,'en','Roles','Roles','2022-09-05 08:20:12','0000-00-00 00:00:00'),(311,'fr','Roles','','2022-09-05 08:20:12','0000-00-00 00:00:00'),(312,'pt','Roles','','2022-09-05 08:20:12','0000-00-00 00:00:00'),(313,'es','Permisos','Permisos','2022-09-05 08:20:12','0000-00-00 00:00:00'),(314,'en','Permisos','Permissions','2022-09-05 08:20:12','0000-00-00 00:00:00'),(315,'pt','Permisos','','2022-09-05 08:20:12','0000-00-00 00:00:00'),(316,'fr','Permisos','','2022-09-05 08:20:12','0000-00-00 00:00:00'),(317,'es','Idiomas','Idiomas','2022-09-05 08:20:12','0000-00-00 00:00:00'),(318,'en','Idiomas','Languages','2022-09-05 08:20:12','0000-00-00 00:00:00'),(319,'fr','Idiomas','','2022-09-05 08:20:12','0000-00-00 00:00:00'),(320,'pt','Idiomas','','2022-09-05 08:20:12','0000-00-00 00:00:00'),(321,'es','Traducciones','Traducciones','2022-09-05 08:20:12','0000-00-00 00:00:00'),(322,'en','Traducciones','Translations','2022-09-05 08:20:12','0000-00-00 00:00:00'),(323,'fr','Traducciones','','2022-09-05 08:20:12','0000-00-00 00:00:00'),(324,'pt','Traducciones','','2022-09-05 08:20:12','0000-00-00 00:00:00'),(325,'es','Usuarios','Usuarios','2022-09-05 08:20:12','0000-00-00 00:00:00'),(326,'en','Usuarios','Users','2022-09-05 08:20:12','0000-00-00 00:00:00'),(327,'fr','Usuarios','','2022-09-05 08:20:12','0000-00-00 00:00:00'),(328,'pt','Usuarios','','2022-09-05 08:20:12','0000-00-00 00:00:00'),(329,'es','Empresas','Empresas','2022-09-05 08:20:12','0000-00-00 00:00:00'),(330,'en','Empresas','Companies','2022-09-05 08:20:12','2023-02-06 14:55:20'),(331,'fr','Empresas','','2022-09-05 08:20:12','0000-00-00 00:00:00'),(332,'pt','Empresas','','2022-09-05 08:20:12','0000-00-00 00:00:00'),(333,'es','Documentacion API','Documentacion API','2022-09-05 08:20:12','0000-00-00 00:00:00'),(334,'en','Documentacion API','Documentation API','2022-09-05 08:20:12','0000-00-00 00:00:00'),(335,'fr','Documentacion API','','2022-09-05 08:20:12','0000-00-00 00:00:00'),(336,'pt','Documentacion API','','2022-09-05 08:20:12','0000-00-00 00:00:00'),(337,'es','Nombre de multimedia','Nombre de multimedia','2022-09-05 08:20:12','0000-00-00 00:00:00'),(338,'en','Nombre de multimedia','Name of multimedia','2022-09-05 08:20:12','0000-00-00 00:00:00'),(339,'fr','Nombre de multimedia','','2022-09-05 08:20:12','0000-00-00 00:00:00'),(340,'pt','Nombre de multimedia','','2022-09-05 08:20:12','0000-00-00 00:00:00'),(341,'pt','Nuevo Multimedia','','2022-09-05 08:20:12','0000-00-00 00:00:00'),(342,'en','Nuevo Multimedia','New Multimedia','2022-09-05 08:20:12','0000-00-00 00:00:00'),(343,'fr','Nuevo Multimedia','','2022-09-05 08:20:12','0000-00-00 00:00:00'),(344,'es','Nuevo Multimedia','Nuevo Multimedia','2022-09-05 08:20:12','0000-00-00 00:00:00'),(345,'es','Editar producto','Editar producto','2022-09-05 08:20:12','0000-00-00 00:00:00'),(346,'en','Editar producto','Edit product','2022-09-05 08:20:12','0000-00-00 00:00:00'),(347,'fr','Editar producto','','2022-09-05 08:20:12','0000-00-00 00:00:00'),(348,'pt','Editar producto','','2022-09-05 08:20:12','0000-00-00 00:00:00'),(349,'es','Detalles','Detalles','2022-09-05 08:20:12','0000-00-00 00:00:00'),(350,'pt','Detalles','','2022-09-05 08:20:12','0000-00-00 00:00:00'),(351,'fr','Detalles','','2022-09-05 08:20:12','0000-00-00 00:00:00'),(352,'en','Detalles','Details','2022-09-05 08:20:12','0000-00-00 00:00:00'),(353,'es','Modificar','Modificar','2022-09-05 08:20:12','0000-00-00 00:00:00'),(354,'en','Modificar','Modify','2022-09-05 08:20:12','0000-00-00 00:00:00'),(355,'fr','Modificar','','2022-09-05 08:20:12','0000-00-00 00:00:00'),(356,'pt','Modificar','','2022-09-05 08:20:12','0000-00-00 00:00:00'),(357,'es','Borrar','Borrar','2022-09-05 08:20:12','0000-00-00 00:00:00'),(358,'en','Borrar','Delete','2022-09-05 08:20:12','0000-00-00 00:00:00'),(359,'fr','Borrar','','2022-09-05 08:20:12','0000-00-00 00:00:00'),(360,'pt','Borrar','','2022-09-05 08:20:12','0000-00-00 00:00:00'),(361,'es','Código','Código','2022-09-05 08:20:12','0000-00-00 00:00:00'),(362,'fr','Código','','2022-09-05 08:20:12','0000-00-00 00:00:00'),(363,'en','Código','Code','2022-09-05 08:20:12','0000-00-00 00:00:00'),(364,'pt','Código','','2022-09-05 08:20:12','0000-00-00 00:00:00'),(369,'fr','Seleccione grupo de atributos','','2022-09-05 08:20:12','0000-00-00 00:00:00'),(370,'en','Seleccione grupo de atributos','Select a group of attributes','2022-09-05 08:20:12','0000-00-00 00:00:00'),(371,'es','Seleccione grupo de atributos','Seleccione grupo de atributos','2022-09-05 08:20:12','0000-00-00 00:00:00'),(372,'pt','Seleccione grupo de atributos','','2022-09-05 08:20:12','0000-00-00 00:00:00'),(373,'es','Nuevo','Nuevo','2022-09-05 08:20:12','0000-00-00 00:00:00'),(374,'en','Nuevo','New','2022-09-05 08:20:12','0000-00-00 00:00:00'),(375,'fr','Nuevo','','2022-09-05 08:20:12','0000-00-00 00:00:00'),(376,'pt','Nuevo','','2022-09-05 08:20:12','0000-00-00 00:00:00'),(377,'en','Activo','Active','2022-09-05 08:20:12','0000-00-00 00:00:00'),(378,'es','Activo','Activo','2022-09-05 08:20:12','0000-00-00 00:00:00'),(379,'fr','Activo','','2022-09-05 08:20:12','0000-00-00 00:00:00'),(380,'pt','Activo','','2022-09-05 08:20:12','0000-00-00 00:00:00'),(381,'es','Seleccione una categoría','Seleccione una categoría','2022-09-05 08:20:12','0000-00-00 00:00:00'),(382,'en','Seleccione una categoría','Select a category','2022-09-05 08:20:12','0000-00-00 00:00:00'),(383,'pt','Seleccione una categoría','','2022-09-05 08:20:12','0000-00-00 00:00:00'),(384,'fr','Seleccione una categoría','','2022-09-05 08:20:12','0000-00-00 00:00:00'),(385,'es','Nombre de la categoría','Nombre de la categoría','2022-09-05 08:20:12','0000-00-00 00:00:00'),(386,'en','Nombre de la categoría','Name of category','2022-09-05 08:20:12','0000-00-00 00:00:00'),(387,'fr','Nombre de la categoría','','2022-09-05 08:20:12','0000-00-00 00:00:00'),(388,'pt','Nombre de la categoría','','2022-09-05 08:20:12','0000-00-00 00:00:00'),(389,'es','Padre','Padre','2022-09-05 08:20:12','0000-00-00 00:00:00'),(390,'en','Padre','Father','2022-09-05 08:20:12','0000-00-00 00:00:00'),(391,'fr','Padre','','2022-09-05 08:20:12','0000-00-00 00:00:00'),(392,'pt','Padre','','2022-09-05 08:20:12','0000-00-00 00:00:00'),(393,'es','Seleccione un padre','Seleccion un padre','2022-09-05 08:20:12','0000-00-00 00:00:00'),(394,'en','Seleccione un padre','Select a father','2022-09-05 08:20:12','0000-00-00 00:00:00'),(395,'fr','Seleccione un padre','','2022-09-05 08:20:12','0000-00-00 00:00:00'),(396,'pt','Seleccione un padre','','2022-09-05 08:20:12','0000-00-00 00:00:00'),(397,'en','Nombre de la familia','Name of family','2022-09-05 08:20:12','0000-00-00 00:00:00'),(398,'es','Nombre de la familia','Nombre de la familia','2022-09-05 08:20:12','0000-00-00 00:00:00'),(399,'fr','Nombre de la familia','','2022-09-05 08:20:12','0000-00-00 00:00:00'),(400,'pt','Nombre de la familia','','2022-09-05 08:20:12','0000-00-00 00:00:00'),(401,'es','Nuevo Idioma','Nuevo Idioma','2022-09-05 08:20:12','0000-00-00 00:00:00'),(402,'en','Nuevo Idioma','New Lenguage','2022-09-05 08:20:12','0000-00-00 00:00:00'),(403,'fr','Nuevo Idioma','','2022-09-05 08:20:12','0000-00-00 00:00:00'),(404,'pt','Nuevo Idioma','','2022-09-05 08:20:12','0000-00-00 00:00:00'),(405,'es','Usuario','Usuario','2022-09-05 08:20:12','0000-00-00 00:00:00'),(406,'fr','Usuario','','2022-09-05 08:20:12','0000-00-00 00:00:00'),(407,'en','Usuario','User','2022-09-05 08:20:12','0000-00-00 00:00:00'),(408,'pt','Usuario','','2022-09-05 08:20:12','0000-00-00 00:00:00'),(409,'pt','Cambiar Imagen de Avatar','','2022-09-05 08:20:12','0000-00-00 00:00:00'),(410,'fr','Cambiar Imagen de Avatar','','2022-09-05 08:20:12','0000-00-00 00:00:00'),(411,'en','Cambiar Imagen de Avatar','Change Avatar Image','2022-09-05 08:20:12','0000-00-00 00:00:00'),(412,'es','Cambiar Imagen de Avatar','Cambiar Imagen de Avatar','2022-09-05 08:20:12','0000-00-00 00:00:00'),(413,'es','Correo','Correo','2022-09-05 08:20:12','0000-00-00 00:00:00'),(414,'en','Correo','Mail','2022-09-05 08:20:12','0000-00-00 00:00:00'),(415,'pt','Correo','','2022-09-05 08:20:12','0000-00-00 00:00:00'),(416,'fr','Correo','','2022-09-05 08:20:12','0000-00-00 00:00:00'),(417,'es','Teléfono','Teléfono','2022-09-05 08:20:12','0000-00-00 00:00:00'),(418,'en','Teléfono','Phone','2022-09-05 08:20:12','0000-00-00 00:00:00'),(419,'fr','Teléfono','','2022-09-05 08:20:12','0000-00-00 00:00:00'),(420,'pt','Teléfono','','2022-09-05 08:20:12','0000-00-00 00:00:00'),(421,'es','Nueva Contraseña','Nueva Contraseña','2022-09-05 08:20:12','0000-00-00 00:00:00'),(422,'en','Nueva Contraseña','New Password','2022-09-05 08:20:12','0000-00-00 00:00:00'),(423,'pt','Nueva Contraseña','','2022-09-05 08:20:12','0000-00-00 00:00:00'),(424,'fr','Nueva Contraseña','','2022-09-05 08:20:12','0000-00-00 00:00:00'),(425,'es','Ingrese nueva contraseña si desea cambiarla','Ingrese nueva contraseña si desea cambiarla','2022-09-05 08:20:12','0000-00-00 00:00:00'),(426,'en','Ingrese nueva contraseña si desea cambiarla','Enter a new password if you want to change it','2022-09-05 08:20:12','0000-00-00 00:00:00'),(427,'fr','Ingrese nueva contraseña si desea cambiarla','','2022-09-05 08:20:12','0000-00-00 00:00:00'),(428,'pt','Ingrese nueva contraseña si desea cambiarla','','2022-09-05 08:20:12','0000-00-00 00:00:00'),(429,'es','Rol','Rol','2022-09-05 08:20:12','0000-00-00 00:00:00'),(430,'en','Rol','Role','2022-09-05 08:20:12','0000-00-00 00:00:00'),(431,'fr','Rol','','2022-09-05 08:20:12','0000-00-00 00:00:00'),(432,'pt','Rol','','2022-09-05 08:20:12','0000-00-00 00:00:00'),(433,'en','Usuario/Correo','User/Mail','2022-09-05 08:20:12','0000-00-00 00:00:00'),(434,'es','Usuario/Correo','Usuario/Correo','2022-09-05 08:20:12','0000-00-00 00:00:00'),(435,'fr','Usuario/Correo','','2022-09-05 08:20:12','0000-00-00 00:00:00'),(436,'pt','Usuario/Correo','','2022-09-05 08:20:12','0000-00-00 00:00:00'),(437,'es','Navision','Navision','2022-09-05 08:20:12','0000-00-00 00:00:00'),(438,'pt','Navision','','2022-09-05 08:20:12','0000-00-00 00:00:00'),(439,'en','Navision','Navision','2022-09-05 08:20:12','0000-00-00 00:00:00'),(440,'fr','Navision','Navision','2022-09-05 08:20:12','0000-00-00 00:00:00'),(441,'es','Principal','Principal','2022-09-05 08:20:12','0000-00-00 00:00:00'),(442,'en','Principal','Home','2022-09-05 08:20:12','0000-00-00 00:00:00'),(443,'fr','Principal','','2022-09-05 08:20:12','0000-00-00 00:00:00'),(444,'pt','Principal','','2022-09-05 08:20:12','0000-00-00 00:00:00'),(445,'pt','Lista','','2022-09-05 08:20:12','0000-00-00 00:00:00'),(446,'en','Lista','List','2022-09-05 08:20:12','0000-00-00 00:00:00'),(447,'es','Lista','Lista','2022-09-05 08:20:12','0000-00-00 00:00:00'),(448,'fr','Lista','','2022-09-05 08:20:12','0000-00-00 00:00:00'),(449,'es','Ingrese nombre de producto','Ingrese nombre de producto','2022-09-05 08:20:12','0000-00-00 00:00:00'),(450,'en','Ingrese nombre de producto','Enter name for product','2022-09-05 08:20:12','0000-00-00 00:00:00'),(451,'fr','Ingrese nombre de producto','','2022-09-05 08:20:12','0000-00-00 00:00:00'),(452,'pt','Ingrese nombre de producto','','2022-09-05 08:20:12','0000-00-00 00:00:00'),(453,'en','Filtro','Filter','2022-09-05 08:20:12','0000-00-00 00:00:00'),(454,'pt','Filtro','','2022-09-05 08:20:12','0000-00-00 00:00:00'),(455,'es','Filtro','Filtro','2022-09-05 08:20:12','0000-00-00 00:00:00'),(456,'fr','Filtro','','2022-09-05 08:20:12','0000-00-00 00:00:00'),(457,'es','Borrar Multimedia','Borrar Multimedia','2022-09-05 08:20:12','0000-00-00 00:00:00'),(458,'en','Borrar Multimedia','Delete Multimedia','2022-09-05 08:20:12','0000-00-00 00:00:00'),(459,'fr','Borrar Multimedia','','2022-09-05 08:20:12','0000-00-00 00:00:00'),(460,'pt','Borrar Multimedia','','2022-09-05 08:20:12','0000-00-00 00:00:00'),(461,'en','Borrar Idioma','Delete Lenguage','2022-09-05 08:20:12','0000-00-00 00:00:00'),(462,'es','Borrar Idioma','Borrar Idioma','2022-09-05 08:20:12','0000-00-00 00:00:00'),(463,'fr','Borrar Idioma','','2022-09-05 08:20:12','0000-00-00 00:00:00'),(464,'pt','Borrar Idioma','','2022-09-05 08:20:12','0000-00-00 00:00:00'),(465,'es','Locale','Locale','2022-09-05 08:20:12','0000-00-00 00:00:00'),(466,'pt','Locale','Locale','2022-09-05 08:20:12','0000-00-00 00:00:00'),(467,'fr','Locale','Locale','2022-09-05 08:20:12','0000-00-00 00:00:00'),(468,'en','Locale','Locale','2022-09-05 08:20:12','0000-00-00 00:00:00'),(469,'es','Español','Español','2022-09-05 08:20:12','0000-00-00 00:00:00'),(470,'en','Español','Spanish','2022-09-05 08:20:12','0000-00-00 00:00:00'),(471,'fr','Español','','2022-09-05 08:20:12','0000-00-00 00:00:00'),(472,'pt','Español','','2022-09-05 08:20:12','0000-00-00 00:00:00'),(473,'fr','Ingles','','2022-09-05 08:20:12','0000-00-00 00:00:00'),(474,'es','Ingles','Ingles','2022-09-05 08:20:12','0000-00-00 00:00:00'),(475,'pt','Ingles','','2022-09-05 08:20:12','0000-00-00 00:00:00'),(476,'en','Ingles','English','2022-09-05 08:20:12','0000-00-00 00:00:00'),(477,'es','Frances','Frances','2022-09-05 08:20:12','0000-00-00 00:00:00'),(478,'en','Frances','French','2022-09-05 08:20:12','0000-00-00 00:00:00'),(479,'fr','Frances','Français','2022-09-05 08:20:12','0000-00-00 00:00:00'),(480,'pt','Frances','Francês','2022-09-05 08:20:12','0000-00-00 00:00:00'),(481,'es','Borrar Rol','Borrar Rol','2022-09-05 08:20:12','0000-00-00 00:00:00'),(482,'en','Borrar Rol','Delete Role','2022-09-05 08:20:12','0000-00-00 00:00:00'),(483,'fr','Borrar Rol','','2022-09-05 08:20:12','0000-00-00 00:00:00'),(484,'pt','Borrar Rol','','2022-09-05 08:20:12','0000-00-00 00:00:00'),(485,'fr','Descripción','','2022-09-05 08:20:12','0000-00-00 00:00:00'),(486,'es','Descripción','Descripción','2022-09-05 08:20:12','0000-00-00 00:00:00'),(487,'en','Descripción','Description','2022-09-05 08:20:12','0000-00-00 00:00:00'),(488,'pt','Descripción','','2022-09-05 08:20:12','0000-00-00 00:00:00'),(489,'en','Sincronizar categorías','Sync categories','2022-09-05 08:20:12','0000-00-00 00:00:00'),(490,'es','Sincronizar categorías','Sincronizar categorías','2022-09-05 08:20:12','0000-00-00 00:00:00'),(491,'fr','Sincronizar categorías','','2022-09-05 08:20:12','0000-00-00 00:00:00'),(492,'pt','Sincronizar categorías','','2022-09-05 08:20:12','0000-00-00 00:00:00'),(493,'es','Sincronizar atributos y grupos de atributos','Sincronizar atributos y grupos de atributos','2022-09-05 08:20:12','0000-00-00 00:00:00'),(494,'en','Sincronizar atributos y grupos de atributos','Synchronize attributes and attribute groups','2022-09-05 08:20:12','0000-00-00 00:00:00'),(495,'fr','Sincronizar atributos y grupos de atributos','','2022-09-05 08:20:12','0000-00-00 00:00:00'),(496,'pt','Sincronizar atributos y grupos de atributos','','2022-09-05 08:20:12','0000-00-00 00:00:00'),(497,'es','Sincronizar productos y atributos de productos','Sincronizar productos y atributos de productos','2022-09-05 08:20:12','0000-00-00 00:00:00'),(498,'en','Sincronizar productos y atributos de productos','Synchronize products and product attributes','2022-09-05 08:20:12','0000-00-00 00:00:00'),(499,'fr','Sincronizar productos y atributos de productos','','2022-09-05 08:20:12','0000-00-00 00:00:00'),(500,'pt','Sincronizar productos y atributos de productos','','2022-09-05 08:20:12','0000-00-00 00:00:00'),(501,'fr','Producto mediante identificador','','2022-09-05 08:20:12','0000-00-00 00:00:00'),(502,'es','Producto mediante identificador','Producto mediante identificador','2022-09-05 08:20:12','0000-00-00 00:00:00'),(503,'en','Producto mediante identificador','Product by identifier','2022-09-05 08:20:12','0000-00-00 00:00:00'),(504,'pt','Producto mediante identificador','','2022-09-05 08:20:12','0000-00-00 00:00:00'),(505,'es','Sincronizar producto y sus atributos','Sincronizar producto y sus atributos','2022-09-05 08:20:12','0000-00-00 00:00:00'),(506,'en','Sincronizar producto y sus atributos','Synchronize product and its attributes','2022-09-05 08:20:12','0000-00-00 00:00:00'),(507,'pt','Sincronizar producto y sus atributos','','2022-09-05 08:20:12','0000-00-00 00:00:00'),(508,'fr','Sincronizar producto y sus atributos','','2022-09-05 08:20:12','0000-00-00 00:00:00'),(509,'es','Borrar Grupo de Atributo','Borrar Grupo de Atributo','2022-09-05 08:20:12','0000-00-00 00:00:00'),(510,'fr','Borrar Grupo de Atributo','','2022-09-05 08:20:12','0000-00-00 00:00:00'),(511,'en','Borrar Grupo de Atributo','Delete Group of Attribute','2022-09-05 08:20:12','0000-00-00 00:00:00'),(512,'pt','Borrar Grupo de Atributo','','2022-09-05 08:20:12','0000-00-00 00:00:00'),(517,'pt','Categoria','','2023-02-06 14:42:26','0000-00-00 00:00:00'),(518,'fr','Categoria','','2023-02-06 14:42:26','0000-00-00 00:00:00'),(519,'es','Categoria','Categoria','2023-02-06 14:42:26','0000-00-00 00:00:00'),(520,'en','Categoria','Category','2023-02-06 14:42:26','0000-00-00 00:00:00'),(521,'es','Borrar atributo','Borrar atributo','2023-02-06 14:42:45','0000-00-00 00:00:00'),(522,'pt','Borrar atributo','','2023-02-06 14:42:45','0000-00-00 00:00:00'),(523,'en','Borrar atributo','Delete attribute','2023-02-06 14:42:45','0000-00-00 00:00:00'),(524,'fr','Borrar atributo','','2023-02-06 14:42:45','0000-00-00 00:00:00'),(525,'es','Categorianame','Nombre de categoria','2023-02-06 14:43:26','0000-00-00 00:00:00'),(526,'pt','Categorianame','','2023-02-06 14:43:26','0000-00-00 00:00:00'),(527,'en','Categorianame','Category name','2023-02-06 14:43:26','0000-00-00 00:00:00'),(528,'fr','Categorianame','','2023-02-06 14:43:26','0000-00-00 00:00:00'),(529,'es','Sincronizaciones','Sincronizaciones','2023-02-06 14:43:41','0000-00-00 00:00:00'),(530,'en','Sincronizaciones','Sincronizations','2023-02-06 14:43:41','0000-00-00 00:00:00'),(531,'pt','Sincronizaciones','','2023-02-06 14:43:41','0000-00-00 00:00:00'),(532,'fr','Sincronizaciones','','2023-02-06 14:43:41','0000-00-00 00:00:00'),(533,'fr','Iconos','','2023-02-06 14:44:03','0000-00-00 00:00:00'),(534,'en','Iconos','Icons','2023-02-06 14:44:03','0000-00-00 00:00:00'),(535,'pt','Iconos','','2023-02-06 14:44:03','0000-00-00 00:00:00'),(536,'es','Iconos','Iconos','2023-02-06 14:44:03','0000-00-00 00:00:00'),(537,'es','Marcas','Marcas','2023-02-06 14:44:12','0000-00-00 00:00:00'),(538,'en','Marcas','Brands','2023-02-06 14:44:12','0000-00-00 00:00:00'),(539,'fr','Marcas','','2023-02-06 14:44:12','0000-00-00 00:00:00'),(540,'pt','Marcas','','2023-02-06 14:44:12','0000-00-00 00:00:00'),(541,'es','Integracion','Integracion','2023-02-06 14:44:21','0000-00-00 00:00:00'),(542,'fr','Integracion','','2023-02-06 14:44:21','0000-00-00 00:00:00'),(543,'en','Integracion','Integration','2023-02-06 14:44:21','0000-00-00 00:00:00'),(544,'pt','Integracion','','2023-02-06 14:44:21','0000-00-00 00:00:00'),(545,'es','Situaciones','Situaciones','2023-02-06 14:45:04','0000-00-00 00:00:00'),(546,'en','Situaciones','Situations','2023-02-06 14:45:04','0000-00-00 00:00:00'),(547,'fr','Situaciones','','2023-02-06 14:45:04','0000-00-00 00:00:00'),(548,'pt','Situaciones','','2023-02-06 14:45:04','0000-00-00 00:00:00'),(549,'es','defectosn','Por defecto','2023-02-06 14:46:58','0000-00-00 00:00:00'),(550,'en','defectosn','Default','2023-02-06 14:46:59','0000-00-00 00:00:00'),(551,'fr','defectosn','','2023-02-06 14:46:59','0000-00-00 00:00:00'),(552,'pt','defectosn','','2023-02-06 14:46:59','0000-00-00 00:00:00'),(553,'es','Borrar Categoria','Borrar Categoria','2023-02-06 14:47:22','0000-00-00 00:00:00'),(554,'en','Borrar Categoria','Delete Category','2023-02-06 14:47:22','0000-00-00 00:00:00'),(555,'fr','Borrar Categoria','','2023-02-06 14:47:22','0000-00-00 00:00:00'),(556,'pt','Borrar Categoria','','2023-02-06 14:47:23','0000-00-00 00:00:00'),(557,'en','Borrar Situacion','Delete Situation','2023-02-06 14:47:42','0000-00-00 00:00:00'),(558,'es','Borrar Situacion','Borrar Situacion','2023-02-06 14:47:42','0000-00-00 00:00:00'),(559,'fr','Borrar Situacion','','2023-02-06 14:47:42','0000-00-00 00:00:00'),(560,'pt','Borrar Situacion','','2023-02-06 14:47:42','0000-00-00 00:00:00'),(561,'fr','Borrar icono','','2023-02-06 14:47:59','0000-00-00 00:00:00'),(562,'es','Borrar icono','Borrar icono','2023-02-06 14:47:59','0000-00-00 00:00:00'),(563,'en','Borrar icono','Delete Icon','2023-02-06 14:47:59','0000-00-00 00:00:00'),(564,'pt','Borrar icono','','2023-02-06 14:47:59','0000-00-00 00:00:00'),(565,'es','Imagen','Imagen','2023-02-06 14:48:09','0000-00-00 00:00:00'),(566,'en','Imagen','Image','2023-02-06 14:48:09','0000-00-00 00:00:00'),(567,'fr','Imagen','','2023-02-06 14:48:09','0000-00-00 00:00:00'),(568,'pt','Imagen','','2023-02-06 14:48:09','0000-00-00 00:00:00'),(569,'en','Texto','Text','2023-02-06 14:48:18','0000-00-00 00:00:00'),(570,'es','Texto','Texto','2023-02-06 14:48:18','0000-00-00 00:00:00'),(571,'fr','Texto','','2023-02-06 14:48:18','0000-00-00 00:00:00'),(572,'pt','Texto','','2023-02-06 14:48:18','0000-00-00 00:00:00'),(573,'es','Borrar Usuario','Borrar Usuario','2023-02-06 14:48:37','0000-00-00 00:00:00'),(574,'en','Borrar Usuario','Delete user','2023-02-06 14:48:37','0000-00-00 00:00:00'),(575,'pt','Borrar Usuario','','2023-02-06 14:48:37','0000-00-00 00:00:00'),(576,'fr','Borrar Usuario','','2023-02-06 14:48:37','0000-00-00 00:00:00'),(577,'es','Borrar Empresa','Borrar Empresa','2023-02-06 14:48:56','0000-00-00 00:00:00'),(578,'en','Borrar Empresa','Delete Company','2023-02-06 14:48:56','0000-00-00 00:00:00'),(579,'fr','Borrar Empresa','','2023-02-06 14:48:56','0000-00-00 00:00:00'),(580,'pt','Borrar Empresa','','2023-02-06 14:48:56','0000-00-00 00:00:00'),(581,'es','Cargando datos','Cargando datos','2023-02-06 14:49:16','0000-00-00 00:00:00'),(582,'fr','Cargando datos','','2023-02-06 14:49:16','0000-00-00 00:00:00'),(583,'en','Cargando datos','Loading data','2023-02-06 14:49:16','0000-00-00 00:00:00'),(584,'pt','Cargando datos','','2023-02-06 14:49:16','0000-00-00 00:00:00'),(585,'es','Generar XML AECOC','Generar XML AECOC','2023-02-06 14:49:27','0000-00-00 00:00:00'),(586,'en','Generar XML AECOC','Generate XML AECOC','2023-02-06 14:49:27','0000-00-00 00:00:00'),(587,'pt','Generar XML AECOC','','2023-02-06 14:49:27','0000-00-00 00:00:00'),(588,'fr','Generar XML AECOC','','2023-02-06 14:49:27','0000-00-00 00:00:00'),(589,'es','Sincronización PIM - Navision','Sincronización PIM - Navision','2023-02-06 14:49:38','0000-00-00 00:00:00'),(590,'en','Sincronización PIM - Navision','Sincronization PIM - Navision','2023-02-06 14:49:38','0000-00-00 00:00:00'),(591,'pt','Sincronización PIM - Navision','','2023-02-06 14:49:38','0000-00-00 00:00:00'),(592,'fr','Sincronización PIM - Navision','','2023-02-06 14:49:38','0000-00-00 00:00:00'),(593,'es','Generar','Generar','2023-02-06 14:49:47','0000-00-00 00:00:00'),(594,'fr','Generar','','2023-02-06 14:49:47','0000-00-00 00:00:00'),(595,'en','Generar','Generate','2023-02-06 14:49:47','0000-00-00 00:00:00'),(596,'pt','Generar','','2023-02-06 14:49:47','0000-00-00 00:00:00'),(597,'es','Sincronizar','Sincronizar','2023-02-06 14:50:01','0000-00-00 00:00:00'),(598,'pt','Sincronizar','','2023-02-06 14:50:01','0000-00-00 00:00:00'),(599,'en','Sincronizar','Sincronice','2023-02-06 14:50:01','0000-00-00 00:00:00'),(600,'fr','Sincronizar','','2023-02-06 14:50:01','0000-00-00 00:00:00'),(601,'es','Descargar','Descargar','2023-02-06 14:50:24','0000-00-00 00:00:00'),(602,'fr','Descargar','','2023-02-06 14:50:24','0000-00-00 00:00:00'),(603,'pt','Descargar','','2023-02-06 14:50:24','0000-00-00 00:00:00'),(604,'en','Descargar','Download','2023-02-06 14:50:24','0000-00-00 00:00:00'),(605,'es','Seleccione categoría','Seleccione categoría','2023-02-08 09:25:42','0000-00-00 00:00:00'),(606,'fr','Seleccione categoría','','2023-02-08 09:25:42','0000-00-00 00:00:00'),(607,'en','Seleccione categoría','Select category','2023-02-08 09:25:42','0000-00-00 00:00:00'),(608,'pt','Seleccione categoría','','2023-02-08 09:25:42','0000-00-00 00:00:00'),(609,'es','Borrar Familia','Borrar Familia','2023-02-08 09:28:09','0000-00-00 00:00:00'),(610,'pt','Borrar Familia','','2023-02-08 09:28:09','0000-00-00 00:00:00'),(611,'en','Borrar Familia','Delete family','2023-02-08 09:28:09','0000-00-00 00:00:00'),(612,'fr','Borrar Familia','','2023-02-08 09:28:09','0000-00-00 00:00:00'),(613,'es','La imagen deber ser .png','La imagen deber ser .png','2023-02-08 09:29:16','0000-00-00 00:00:00'),(614,'en','La imagen deber ser .png','Image must be .png','2023-02-08 09:29:16','0000-00-00 00:00:00'),(615,'pt','La imagen deber ser .png','','2023-02-08 09:29:16','0000-00-00 00:00:00'),(616,'fr','La imagen deber ser .png','','2023-02-08 09:29:16','0000-00-00 00:00:00'),(617,'es','Selecciona imagen','Selecciona imagen','2023-02-08 09:29:33','0000-00-00 00:00:00'),(618,'en','Selecciona imagen','Select image','2023-02-08 09:29:33','0000-00-00 00:00:00'),(619,'pt','Selecciona imagen','','2023-02-08 09:29:33','0000-00-00 00:00:00'),(620,'fr','Selecciona imagen','','2023-02-08 09:29:33','0000-00-00 00:00:00'),(621,'es','Confirmar','Confirmar','2023-02-08 09:29:45','0000-00-00 00:00:00'),(622,'en','Confirmar','Confirm','2023-02-08 09:29:45','0000-00-00 00:00:00'),(623,'pt','Confirmar','','2023-02-08 09:29:45','0000-00-00 00:00:00'),(624,'fr','Confirmar','','2023-02-08 09:29:45','0000-00-00 00:00:00'),(625,'es','Código AECOC','Código AECOC','2023-02-08 09:30:19','0000-00-00 00:00:00'),(626,'en','Código AECOC','AECOC code','2023-02-08 09:30:19','0000-00-00 00:00:00'),(627,'fr','Código AECOC','','2023-02-08 09:30:19','0000-00-00 00:00:00'),(628,'pt','Código AECOC','','2023-02-08 09:30:19','0000-00-00 00:00:00'),(629,'es','Unidad de medida','Unidad de medida','2023-02-08 09:30:35','0000-00-00 00:00:00'),(630,'en','Unidad de medida','Unity of mesure','2023-02-08 09:30:35','0000-00-00 00:00:00'),(631,'fr','Unidad de medida','','2023-02-08 09:30:35','0000-00-00 00:00:00'),(632,'pt','Unidad de medida','','2023-02-08 09:30:35','0000-00-00 00:00:00'),(633,'es','Unidad de medida AECOC','Unidad de medida AECOC','2023-02-08 09:30:47','0000-00-00 00:00:00'),(634,'en','Unidad de medida AECOC','Unity of mesure AECOC','2023-02-08 09:30:47','0000-00-00 00:00:00'),(635,'fr','Unidad de medida AECOC','','2023-02-08 09:30:47','0000-00-00 00:00:00'),(636,'pt','Unidad de medida AECOC','','2023-02-08 09:30:47','0000-00-00 00:00:00'),(637,'es','Filtro subfamilia','Filtro subfamilia','2023-02-08 09:31:06','0000-00-00 00:00:00'),(638,'pt','Filtro subfamilia','','2023-02-08 09:31:06','0000-00-00 00:00:00'),(639,'en','Filtro subfamilia','Subfamily filter','2023-02-08 09:31:06','0000-00-00 00:00:00'),(640,'fr','Filtro subfamilia','','2023-02-08 09:31:06','0000-00-00 00:00:00'),(641,'es','Posibles valores AECOC','Posibles valores AECOC','2023-02-08 09:31:49','0000-00-00 00:00:00'),(642,'fr','Posibles valores AECOC','','2023-02-08 09:31:49','0000-00-00 00:00:00'),(643,'en','Posibles valores AECOC','AECOC values','2023-02-08 09:31:49','0000-00-00 00:00:00'),(644,'pt','Posibles valores AECOC','','2023-02-08 09:31:49','0000-00-00 00:00:00'),(645,'es','Local','Local','2023-02-08 09:32:17','0000-00-00 00:00:00'),(646,'en','Local','Local','2023-02-08 09:32:17','0000-00-00 00:00:00'),(647,'fr','Local','','2023-02-08 09:32:17','0000-00-00 00:00:00'),(648,'pt','Local','','2023-02-08 09:32:17','0000-00-00 00:00:00'),(649,'es','Valor duplicado','Valor duplicado','2023-02-08 09:32:40','0000-00-00 00:00:00'),(650,'en','Valor duplicado','','2023-02-08 09:32:40','0000-00-00 00:00:00'),(651,'fr','Valor duplicado','','2023-02-08 09:32:40','0000-00-00 00:00:00'),(652,'pt','Valor duplicado','','2023-02-08 09:32:40','0000-00-00 00:00:00'),(653,'es','Seleccione un campo una sola vez','Seleccione un campo una sola vez','2023-02-08 09:32:51','0000-00-00 00:00:00'),(654,'en','Seleccione un campo una sola vez','','2023-02-08 09:32:51','0000-00-00 00:00:00'),(655,'pt','Seleccione un campo una sola vez','','2023-02-08 09:32:51','0000-00-00 00:00:00'),(656,'fr','Seleccione un campo una sola vez','','2023-02-08 09:32:51','0000-00-00 00:00:00'),(657,'es','Campo vacio','Campo vacio','2023-02-08 09:33:06','0000-00-00 00:00:00'),(658,'pt','Campo vacio','','2023-02-08 09:33:06','0000-00-00 00:00:00'),(659,'en','Campo vacio','','2023-02-08 09:33:06','0000-00-00 00:00:00'),(660,'fr','Campo vacio','','2023-02-08 09:33:06','0000-00-00 00:00:00'),(661,'fr','Selecciona una tabla por favor','','2023-02-08 09:33:14','0000-00-00 00:00:00'),(662,'es','Selecciona una tabla por favor','Selecciona una tabla por favor','2023-02-08 09:33:14','0000-00-00 00:00:00'),(663,'en','Selecciona una tabla por favor','','2023-02-08 09:33:14','0000-00-00 00:00:00'),(664,'pt','Selecciona una tabla por favor','','2023-02-08 09:33:14','0000-00-00 00:00:00'),(665,'es','Seleccione tabla','Seleccione tabla','2023-02-08 09:33:30','0000-00-00 00:00:00'),(666,'en','Seleccione tabla','','2023-02-08 09:33:30','0000-00-00 00:00:00'),(667,'fr','Seleccione tabla','','2023-02-08 09:33:30','0000-00-00 00:00:00'),(668,'pt','Seleccione tabla','','2023-02-08 09:33:30','0000-00-00 00:00:00'),(669,'es','Seleccione campo','Seleccione campo','2023-02-08 09:33:36','0000-00-00 00:00:00'),(670,'en','Seleccione campo','','2023-02-08 09:33:36','0000-00-00 00:00:00'),(671,'fr','Seleccione campo','','2023-02-08 09:33:36','0000-00-00 00:00:00'),(672,'pt','Seleccione campo','','2023-02-08 09:33:36','0000-00-00 00:00:00'),(673,'es','El fichero está vacio','El fichero está vacio','2023-02-08 09:33:53','0000-00-00 00:00:00'),(674,'en','El fichero está vacio','','2023-02-08 09:33:53','0000-00-00 00:00:00'),(675,'pt','El fichero está vacio','','2023-02-08 09:33:53','0000-00-00 00:00:00'),(676,'fr','El fichero está vacio','','2023-02-08 09:33:53','0000-00-00 00:00:00'),(677,'es','Datos insertados','Datos insertados','2023-02-08 09:34:01','0000-00-00 00:00:00'),(678,'en','Datos insertados','','2023-02-08 09:34:01','0000-00-00 00:00:00'),(679,'fr','Datos insertados','','2023-02-08 09:34:01','0000-00-00 00:00:00'),(680,'pt','Datos insertados','','2023-02-08 09:34:01','0000-00-00 00:00:00'),(681,'es','Error importando datos','Error importando datos','2023-02-08 09:34:08','0000-00-00 00:00:00'),(682,'en','Error importando datos','','2023-02-08 09:34:08','0000-00-00 00:00:00'),(683,'fr','Error importando datos','','2023-02-08 09:34:08','0000-00-00 00:00:00'),(684,'pt','Error importando datos','','2023-02-08 09:34:08','0000-00-00 00:00:00'),(685,'es','Compruebe el formato del fichero','Compruebe el formato del fichero','2023-02-08 09:34:15','0000-00-00 00:00:00'),(686,'en','Compruebe el formato del fichero','','2023-02-08 09:34:15','0000-00-00 00:00:00'),(687,'fr','Compruebe el formato del fichero','','2023-02-08 09:34:15','0000-00-00 00:00:00'),(688,'pt','Compruebe el formato del fichero','','2023-02-08 09:34:15','0000-00-00 00:00:00'),(689,'es','Fichero no válido','Fichero no válido','2023-02-08 09:34:31','0000-00-00 00:00:00'),(690,'en','Fichero no válido','','2023-02-08 09:34:31','0000-00-00 00:00:00'),(691,'pt','Fichero no válido','','2023-02-08 09:34:31','0000-00-00 00:00:00'),(692,'fr','Fichero no válido','','2023-02-08 09:34:31','0000-00-00 00:00:00'),(693,'es','Por favor, suba un fichero csv','Por favor, suba un fichero csv','2023-02-08 09:34:39','0000-00-00 00:00:00'),(694,'pt','Por favor, suba un fichero csv','','2023-02-08 09:34:40','0000-00-00 00:00:00'),(695,'fr','Por favor, suba un fichero csv','','2023-02-08 09:34:40','0000-00-00 00:00:00'),(696,'en','Por favor, suba un fichero csv','','2023-02-08 09:34:40','0000-00-00 00:00:00'),(697,'es','Fichero demasiado pesado','Fichero demasiado pesado','2023-02-08 09:38:51','0000-00-00 00:00:00'),(698,'en','Fichero demasiado pesado','','2023-02-08 09:38:51','0000-00-00 00:00:00'),(699,'fr','Fichero demasiado pesado','','2023-02-08 09:38:51','0000-00-00 00:00:00'),(700,'pt','Fichero demasiado pesado','','2023-02-08 09:38:51','0000-00-00 00:00:00'),(701,'es','Seleccione fichero','Seleccione fichero','2023-02-08 09:39:20','0000-00-00 00:00:00'),(702,'en','Seleccione fichero','','2023-02-08 09:39:20','0000-00-00 00:00:00'),(703,'pt','Seleccione fichero','','2023-02-08 09:39:20','0000-00-00 00:00:00'),(704,'fr','Seleccione fichero','','2023-02-08 09:39:20','0000-00-00 00:00:00'),(705,'es','Se van a carga los datos del fichero en la base de datos','Se van a carga los datos del fichero en la base de datos','2023-02-08 09:40:13','0000-00-00 00:00:00'),(706,'en','Se van a carga los datos del fichero en la base de datos','','2023-02-08 09:40:13','0000-00-00 00:00:00'),(707,'fr','Se van a carga los datos del fichero en la base de datos','','2023-02-08 09:40:13','0000-00-00 00:00:00'),(708,'pt','Se van a carga los datos del fichero en la base de datos','','2023-02-08 09:40:13','0000-00-00 00:00:00'),(709,'es','Procesando atributos','Procesando atributos','2023-02-08 09:40:30','0000-00-00 00:00:00'),(710,'en','Procesando atributos','','2023-02-08 09:40:30','0000-00-00 00:00:00'),(711,'pt','Procesando atributos','','2023-02-08 09:40:30','0000-00-00 00:00:00'),(712,'fr','Procesando atributos','','2023-02-08 09:40:30','0000-00-00 00:00:00'),(713,'pt','Proceso terminado','','2023-02-08 09:40:38','0000-00-00 00:00:00'),(714,'es','Proceso terminado','Proceso terminado','2023-02-08 09:40:38','0000-00-00 00:00:00'),(715,'en','Proceso terminado','','2023-02-08 09:40:38','0000-00-00 00:00:00'),(716,'fr','Proceso terminado','','2023-02-08 09:40:38','0000-00-00 00:00:00'),(717,'es','Color','Color','2023-02-08 09:41:07','0000-00-00 00:00:00'),(718,'en','Color','Color','2023-02-08 09:41:07','0000-00-00 00:00:00'),(719,'fr','Color','','2023-02-08 09:41:07','0000-00-00 00:00:00'),(720,'pt','Color','','2023-02-08 09:41:07','0000-00-00 00:00:00'),(721,'es','Borrar marca','Borrar marca','2023-02-08 09:41:27','0000-00-00 00:00:00'),(722,'en','Borrar marca','','2023-02-08 09:41:27','0000-00-00 00:00:00'),(723,'fr','Borrar marca','','2023-02-08 09:41:27','0000-00-00 00:00:00'),(724,'pt','Borrar marca','','2023-02-08 09:41:27','0000-00-00 00:00:00'),(725,'es','Falta alguno de los campos','Falta alguno de los campos','2023-02-08 09:41:40','0000-00-00 00:00:00'),(726,'en','Falta alguno de los campos','','2023-02-08 09:41:40','0000-00-00 00:00:00'),(727,'fr','Falta alguno de los campos','','2023-02-08 09:41:40','0000-00-00 00:00:00'),(728,'pt','Falta alguno de los campos','','2023-02-08 09:41:40','0000-00-00 00:00:00'),(729,'es','Por Defecto','Por Defecto','2023-02-08 09:41:57','0000-00-00 00:00:00'),(730,'en','Por Defecto','','2023-02-08 09:41:57','0000-00-00 00:00:00'),(731,'fr','Por Defecto','','2023-02-08 09:41:57','0000-00-00 00:00:00'),(732,'pt','Por Defecto','','2023-02-08 09:41:57','0000-00-00 00:00:00'),(733,'es','Categoría no encontrada','Categoría no encontrada','2023-02-08 09:42:47','0000-00-00 00:00:00'),(734,'en','Categoría no encontrada','','2023-02-08 09:42:47','0000-00-00 00:00:00'),(735,'fr','Categoría no encontrada','','2023-02-08 09:42:47','0000-00-00 00:00:00'),(736,'pt','Categoría no encontrada','','2023-02-08 09:42:47','0000-00-00 00:00:00'),(737,'es','Seleccione categoría para continuar','Seleccione categoría para continuar','2023-02-08 09:42:54','0000-00-00 00:00:00'),(738,'en','Seleccione categoría para continuar','','2023-02-08 09:42:54','0000-00-00 00:00:00'),(739,'fr','Seleccione categoría para continuar','','2023-02-08 09:42:54','0000-00-00 00:00:00'),(740,'pt','Seleccione categoría para continuar','','2023-02-08 09:42:54','0000-00-00 00:00:00'),(741,'es','Error en la descarga de','Error en la descarga de','2023-02-08 09:43:05','0000-00-00 00:00:00'),(742,'fr','Error en la descarga de','','2023-02-08 09:43:05','0000-00-00 00:00:00'),(743,'pt','Error en la descarga de','','2023-02-08 09:43:05','0000-00-00 00:00:00'),(744,'en','Error en la descarga de','','2023-02-08 09:43:05','0000-00-00 00:00:00'),(745,'es','Se eliminará definitivamente el atributo','Se eliminará definitivamente el atributo','2023-02-08 09:43:12','0000-00-00 00:00:00'),(746,'fr','Se eliminará definitivamente el atributo','','2023-02-08 09:43:12','0000-00-00 00:00:00'),(747,'en','Se eliminará definitivamente el atributo','','2023-02-08 09:43:12','0000-00-00 00:00:00'),(748,'pt','Se eliminará definitivamente el atributo','','2023-02-08 09:43:12','0000-00-00 00:00:00'),(749,'es','¿Estás seguro?','¿Estás seguro?','2023-02-08 09:43:20','0000-00-00 00:00:00'),(750,'en','¿Estás seguro?','','2023-02-08 09:43:21','0000-00-00 00:00:00'),(751,'fr','¿Estás seguro?','','2023-02-08 09:43:21','0000-00-00 00:00:00'),(752,'pt','¿Estás seguro?','','2023-02-08 09:43:21','0000-00-00 00:00:00'),(753,'en','Eliminar','Delete','2023-02-08 09:43:33','0000-00-00 00:00:00'),(754,'es','Eliminar','Eliminar','2023-02-08 09:43:33','0000-00-00 00:00:00'),(755,'pt','Eliminar','','2023-02-08 09:43:33','0000-00-00 00:00:00'),(756,'fr','Eliminar','','2023-02-08 09:43:33','0000-00-00 00:00:00'),(757,'es','Multimedia eliminado correctamente','Multimedia eliminado correctamente','2023-02-08 09:44:00','0000-00-00 00:00:00'),(758,'en','Multimedia eliminado correctamente','','2023-02-08 09:44:00','0000-00-00 00:00:00'),(759,'pt','Multimedia eliminado correctamente','','2023-02-08 09:44:00','0000-00-00 00:00:00'),(760,'fr','Multimedia eliminado correctamente','','2023-02-08 09:44:00','0000-00-00 00:00:00'),(761,'es','Finalizado Producto','Finalizado Producto','2023-02-08 09:44:47','0000-00-00 00:00:00'),(762,'en','Finalizado Producto','','2023-02-08 09:44:47','0000-00-00 00:00:00'),(763,'fr','Finalizado Producto','','2023-02-08 09:44:47','0000-00-00 00:00:00'),(764,'pt','Finalizado Producto','','2023-02-08 09:44:48','0000-00-00 00:00:00'),(765,'pt','Finalizado SAT','','2023-02-08 09:44:55','0000-00-00 00:00:00'),(766,'es','Finalizado SAT','Finalizado SAT','2023-02-08 09:44:55','0000-00-00 00:00:00'),(767,'en','Finalizado SAT','','2023-02-08 09:44:55','0000-00-00 00:00:00'),(768,'fr','Finalizado SAT','','2023-02-08 09:44:55','0000-00-00 00:00:00'),(769,'es','Enviar AECOC','Enviar AECOC','2023-02-08 09:45:07','0000-00-00 00:00:00'),(770,'fr','Enviar AECOC','','2023-02-08 09:45:07','0000-00-00 00:00:00'),(771,'en','Enviar AECOC','','2023-02-08 09:45:07','0000-00-00 00:00:00'),(772,'pt','Enviar AECOC','','2023-02-08 09:45:07','0000-00-00 00:00:00'),(773,'es','Título','Título','2023-02-08 09:45:20','0000-00-00 00:00:00'),(774,'en','Título','','2023-02-08 09:45:20','0000-00-00 00:00:00'),(775,'fr','Título','','2023-02-08 09:45:20','0000-00-00 00:00:00'),(776,'pt','Título','','2023-02-08 09:45:20','0000-00-00 00:00:00'),(777,'es','Descripción corta','Descripción corta','2023-02-08 09:45:29','0000-00-00 00:00:00'),(778,'en','Descripción corta','','2023-02-08 09:45:29','0000-00-00 00:00:00'),(779,'fr','Descripción corta','','2023-02-08 09:45:29','0000-00-00 00:00:00'),(780,'pt','Descripción corta','','2023-02-08 09:45:29','0000-00-00 00:00:00'),(781,'es','Separadas por ;','Separadas por ;','2023-02-08 09:45:37','0000-00-00 00:00:00'),(782,'en','Separadas por ;','','2023-02-08 09:45:37','0000-00-00 00:00:00'),(783,'pt','Separadas por ;','','2023-02-08 09:45:37','0000-00-00 00:00:00'),(784,'fr','Separadas por ;','','2023-02-08 09:45:37','0000-00-00 00:00:00'),(785,'es','Nº orden','Nº orden','2023-02-08 09:45:47','0000-00-00 00:00:00'),(786,'en','Nº orden','','2023-02-08 09:45:47','0000-00-00 00:00:00'),(787,'fr','Nº orden','','2023-02-08 09:45:47','0000-00-00 00:00:00'),(788,'pt','Nº orden','','2023-02-08 09:45:47','0000-00-00 00:00:00'),(789,'es','Seleccione tipo de documento','Seleccione tipo de documento','2023-02-08 09:46:08','0000-00-00 00:00:00'),(790,'en','Seleccione tipo de documento','','2023-02-08 09:46:08','0000-00-00 00:00:00'),(791,'fr','Seleccione tipo de documento','','2023-02-08 09:46:08','0000-00-00 00:00:00'),(792,'pt','Seleccione tipo de documento','','2023-02-08 09:46:08','0000-00-00 00:00:00'),(793,'es','Unidad','Unidad','2023-02-08 09:46:16','0000-00-00 00:00:00'),(794,'pt','Unidad','','2023-02-08 09:46:16','0000-00-00 00:00:00'),(795,'fr','Unidad','','2023-02-08 09:46:16','0000-00-00 00:00:00'),(796,'en','Unidad','','2023-02-08 09:46:16','0000-00-00 00:00:00'),(797,'es','Ingrese URL','Ingrese URL','2023-02-08 09:46:46','0000-00-00 00:00:00'),(798,'en','Ingrese URL','','2023-02-08 09:46:46','0000-00-00 00:00:00'),(799,'fr','Ingrese URL','','2023-02-08 09:46:46','0000-00-00 00:00:00'),(800,'pt','Ingrese URL','','2023-02-08 09:46:46','0000-00-00 00:00:00'),(801,'es','Seleccione formato','Seleccione formato','2023-02-08 09:47:14','0000-00-00 00:00:00'),(802,'en','Seleccione formato','','2023-02-08 09:47:14','0000-00-00 00:00:00'),(803,'pt','Seleccione formato','','2023-02-08 09:47:14','0000-00-00 00:00:00'),(804,'fr','Seleccione formato','','2023-02-08 09:47:14','0000-00-00 00:00:00'),(805,'es','Cargando producto','Cargando producto','2023-02-08 09:48:06','0000-00-00 00:00:00'),(806,'en','Cargando producto','Loading','2023-02-08 09:48:06','0000-00-00 00:00:00'),(807,'fr','Cargando producto','','2023-02-08 09:48:06','0000-00-00 00:00:00'),(808,'pt','Cargando producto','','2023-02-08 09:48:06','0000-00-00 00:00:00'),(809,'es','No se puede eliminar este rol','No se puede eliminar este rol','2023-02-08 09:48:28','0000-00-00 00:00:00'),(810,'en','No se puede eliminar este rol','','2023-02-08 09:48:28','0000-00-00 00:00:00'),(811,'fr','No se puede eliminar este rol','','2023-02-08 09:48:28','0000-00-00 00:00:00'),(812,'pt','No se puede eliminar este rol','','2023-02-08 09:48:28','0000-00-00 00:00:00'),(813,'es','Se van a sincronizar los datos con Navision','Se van a sincronizar los datos con Navision','2023-02-08 09:48:39','0000-00-00 00:00:00'),(814,'en','Se van a sincronizar los datos con Navision','','2023-02-08 09:48:39','0000-00-00 00:00:00'),(815,'pt','Se van a sincronizar los datos con Navision','','2023-02-08 09:48:39','0000-00-00 00:00:00'),(816,'fr','Se van a sincronizar los datos con Navision','','2023-02-08 09:48:39','0000-00-00 00:00:00'),(817,'es','Mail','Mail','2023-02-08 09:49:10','0000-00-00 00:00:00'),(818,'en','Mail','Mail','2023-02-08 09:49:10','0000-00-00 00:00:00'),(819,'pt','Mail','','2023-02-08 09:49:10','0000-00-00 00:00:00'),(820,'fr','Mail','','2023-02-08 09:49:10','0000-00-00 00:00:00'),(821,'fr','Seleccione Rol','','2023-02-08 09:49:40','0000-00-00 00:00:00'),(822,'es','Seleccione Rol','Seleccione Rol','2023-02-08 09:49:40','0000-00-00 00:00:00'),(823,'pt','Seleccione Rol','','2023-02-08 09:49:40','0000-00-00 00:00:00'),(824,'en','Seleccione Rol','','2023-02-08 09:49:40','0000-00-00 00:00:00'),(825,'fr','Entrar','','2023-02-08 09:53:25','0000-00-00 00:00:00'),(826,'es','Entrar','Entrar','2023-02-08 09:53:25','0000-00-00 00:00:00'),(827,'en','Entrar','','2023-02-08 09:53:25','0000-00-00 00:00:00'),(828,'pt','Entrar','','2023-02-08 09:53:25','0000-00-00 00:00:00'),(829,'es','Idioma','Idioma','2023-02-08 09:54:28','0000-00-00 00:00:00'),(830,'en','Idioma','Language','2023-02-08 09:54:28','0000-00-00 00:00:00'),(831,'pt','Idioma','','2023-02-08 09:54:28','0000-00-00 00:00:00'),(832,'fr','Idioma','','2023-02-08 09:54:28','0000-00-00 00:00:00'),(833,'pt','Id','','2023-02-08 09:56:39','0000-00-00 00:00:00'),(834,'es','Id','Id','2023-02-08 09:56:39','0000-00-00 00:00:00'),(835,'en','Id','Id','2023-02-08 09:56:39','0000-00-00 00:00:00'),(836,'fr','Id','','2023-02-08 09:56:39','0000-00-00 00:00:00'),(837,'es','Cabecera','Cabecera','2023-02-08 09:57:29','0000-00-00 00:00:00'),(838,'en','Cabecera','','2023-02-08 09:57:29','0000-00-00 00:00:00'),(839,'fr','Cabecera','','2023-02-08 09:57:29','0000-00-00 00:00:00'),(840,'pt','Cabecera','','2023-02-08 09:57:29','0000-00-00 00:00:00'),(841,'es','Posibles valores','Posibles valores','2023-02-08 09:58:54','0000-00-00 00:00:00'),(842,'en','Posibles valores','','2023-02-08 09:58:55','0000-00-00 00:00:00'),(843,'fr','Posibles valores','','2023-02-08 09:58:55','0000-00-00 00:00:00'),(844,'pt','Posibles valores','','2023-02-08 09:58:55','0000-00-00 00:00:00'),(845,'es','GLN','GLN','2023-02-08 09:59:24','0000-00-00 00:00:00'),(846,'en','GLN','','2023-02-08 09:59:24','0000-00-00 00:00:00'),(847,'pt','GLN','','2023-02-08 09:59:24','0000-00-00 00:00:00'),(848,'fr','GLN','','2023-02-08 09:59:24','0000-00-00 00:00:00'),(849,'es','Tag AECOC','Tag AECOC','2023-02-08 10:00:05','0000-00-00 00:00:00'),(850,'en','Tag AECOC','Tag AECOC','2023-02-08 10:00:05','0000-00-00 00:00:00'),(851,'fr','Tag AECOC','','2023-02-08 10:00:05','0000-00-00 00:00:00'),(852,'pt','Tag AECOC','','2023-02-08 10:00:05','0000-00-00 00:00:00'),(853,'es','Tag AECOC - UOM','Tag AECOC - UOM','2023-02-08 10:00:51','0000-00-00 00:00:00'),(854,'en','Tag AECOC - UOM','Tag AECOC - UOM','2023-02-08 10:00:51','0000-00-00 00:00:00'),(855,'fr','Tag AECOC - UOM','','2023-02-08 10:00:51','0000-00-00 00:00:00'),(856,'pt','Tag AECOC - UOM','','2023-02-08 10:00:51','0000-00-00 00:00:00'),(857,'es','Tipo de campo','Tipo de campo','2023-02-08 10:01:04','0000-00-00 00:00:00'),(858,'en','Tipo de campo','','2023-02-08 10:01:04','0000-00-00 00:00:00'),(859,'fr','Tipo de campo','','2023-02-08 10:01:04','0000-00-00 00:00:00'),(860,'pt','Tipo de campo','','2023-02-08 10:01:04','0000-00-00 00:00:00'),(861,'es','Insertar','Insertar','2023-02-08 10:08:25','0000-00-00 00:00:00'),(862,'fr','Insertar','','2023-02-08 10:08:25','0000-00-00 00:00:00'),(863,'en','Insertar','','2023-02-08 10:08:25','0000-00-00 00:00:00'),(864,'pt','Insertar','','2023-02-08 10:08:25','0000-00-00 00:00:00'),(865,'es','Descargar CSV','Descargar CSV','2023-02-08 10:08:28','0000-00-00 00:00:00'),(866,'en','Descargar CSV','','2023-02-08 10:08:28','0000-00-00 00:00:00'),(867,'fr','Descargar CSV','','2023-02-08 10:08:28','0000-00-00 00:00:00'),(868,'pt','Descargar CSV','','2023-02-08 10:08:28','0000-00-00 00:00:00'),(869,'es','Tabla','Tabla','2023-02-08 10:08:35','0000-00-00 00:00:00'),(870,'en','Tabla','','2023-02-08 10:08:35','0000-00-00 00:00:00'),(871,'pt','Tabla','','2023-02-08 10:08:35','0000-00-00 00:00:00'),(872,'fr','Tabla','','2023-02-08 10:08:35','0000-00-00 00:00:00'),(873,'es','Resetear Atributos','Resetear Atributos','2023-02-08 10:08:52','0000-00-00 00:00:00'),(874,'en','Resetear Atributos','','2023-02-08 10:08:52','0000-00-00 00:00:00'),(875,'fr','Resetear Atributos','','2023-02-08 10:08:52','0000-00-00 00:00:00'),(876,'pt','Resetear Atributos','','2023-02-08 10:08:53','0000-00-00 00:00:00'),(877,'es','Generar EANs','Generar EANs','2023-02-08 10:09:04','0000-00-00 00:00:00'),(878,'en','Generar EANs','','2023-02-08 10:09:04','0000-00-00 00:00:00'),(879,'fr','Generar EANs','','2023-02-08 10:09:04','0000-00-00 00:00:00'),(880,'pt','Generar EANs','','2023-02-08 10:09:04','0000-00-00 00:00:00'),(881,'es','Última descarga','Última descarga','2023-02-08 10:09:15','0000-00-00 00:00:00'),(882,'en','Última descarga','','2023-02-08 10:09:15','0000-00-00 00:00:00'),(883,'fr','Última descarga','','2023-02-08 10:09:15','0000-00-00 00:00:00'),(884,'pt','Última descarga','','2023-02-08 10:09:15','0000-00-00 00:00:00'),(885,'en','Web','','2023-02-08 10:09:26','0000-00-00 00:00:00'),(886,'es','Web','Web','2023-02-08 10:09:26','0000-00-00 00:00:00'),(887,'fr','Web','','2023-02-08 10:09:26','0000-00-00 00:00:00'),(888,'pt','Web','','2023-02-08 10:09:26','0000-00-00 00:00:00'),(889,'en','Logo','','2023-02-08 10:09:33','0000-00-00 00:00:00'),(890,'es','Logo','Logo','2023-02-08 10:09:33','0000-00-00 00:00:00'),(891,'pt','Logo','','2023-02-08 10:09:33','0000-00-00 00:00:00'),(892,'fr','Logo','','2023-02-08 10:09:33','0000-00-00 00:00:00'),(893,'es','Preview','Previsualizar','2023-02-08 10:11:03','0000-00-00 00:00:00'),(894,'en','Preview','Preview','2023-02-08 10:11:03','0000-00-00 00:00:00'),(895,'pt','Preview','','2023-02-08 10:11:03','0000-00-00 00:00:00'),(896,'fr','Preview','','2023-02-08 10:11:03','0000-00-00 00:00:00'),(897,'es','Edit','Editar','2023-02-08 10:11:11','0000-00-00 00:00:00'),(898,'en','Edit','Edit','2023-02-08 10:11:11','0000-00-00 00:00:00'),(899,'fr','Edit','','2023-02-08 10:11:11','0000-00-00 00:00:00'),(900,'pt','Edit','','2023-02-08 10:11:11','0000-00-00 00:00:00'),(901,'es','Generar ficha','Generar ficha','2023-02-08 10:12:32','0000-00-00 00:00:00'),(902,'pt','Generar ficha','','2023-02-08 10:12:32','0000-00-00 00:00:00'),(903,'en','Generar ficha','','2023-02-08 10:12:32','0000-00-00 00:00:00'),(904,'fr','Generar ficha','','2023-02-08 10:12:32','0000-00-00 00:00:00'),(905,'es','Estado Referencia','Estado Referencia','2023-02-08 10:13:05','0000-00-00 00:00:00'),(906,'en','Estado Referencia','','2023-02-08 10:13:05','0000-00-00 00:00:00'),(907,'pt','Estado Referencia','','2023-02-08 10:13:05','0000-00-00 00:00:00'),(908,'fr','Estado Referencia','','2023-02-08 10:13:05','0000-00-00 00:00:00'),(909,'es','Palabras clave','Palabras clave','2023-02-08 10:13:19','0000-00-00 00:00:00'),(910,'en','Palabras clave','','2023-02-08 10:13:19','0000-00-00 00:00:00'),(911,'fr','Palabras clave','','2023-02-08 10:13:19','0000-00-00 00:00:00'),(912,'pt','Palabras clave','','2023-02-08 10:13:19','0000-00-00 00:00:00'),(913,'es','Dimensiones','Dimensiones','2023-02-08 10:13:27','0000-00-00 00:00:00'),(914,'pt','Dimensiones','','2023-02-08 10:13:27','0000-00-00 00:00:00'),(915,'fr','Dimensiones','','2023-02-08 10:13:27','0000-00-00 00:00:00'),(916,'en','Dimensiones','','2023-02-08 10:13:27','0000-00-00 00:00:00'),(917,'es','Formato','Formato','2023-02-08 10:13:37','0000-00-00 00:00:00'),(918,'en','Formato','','2023-02-08 10:13:37','0000-00-00 00:00:00'),(919,'fr','Formato','','2023-02-08 10:13:37','0000-00-00 00:00:00'),(920,'pt','Formato','','2023-02-08 10:13:37','0000-00-00 00:00:00'),(921,'es','Descargar multimedia','Descargar multimedia','2023-02-08 10:14:12','0000-00-00 00:00:00'),(922,'en','Descargar multimedia','','2023-02-08 10:14:12','0000-00-00 00:00:00'),(923,'fr','Descargar multimedia','','2023-02-08 10:14:12','0000-00-00 00:00:00'),(924,'pt','Descargar multimedia','','2023-02-08 10:14:12','0000-00-00 00:00:00'),(925,'es','Tipo de documento','Tipo de documento','2023-02-08 10:14:25','0000-00-00 00:00:00'),(926,'en','Tipo de documento','','2023-02-08 10:14:25','0000-00-00 00:00:00'),(927,'fr','Tipo de documento','','2023-02-08 10:14:25','0000-00-00 00:00:00'),(928,'pt','Tipo de documento','','2023-02-08 10:14:25','0000-00-00 00:00:00');
/*!40000 ALTER TABLE `traducciones` ENABLE KEYS */;
UNLOCK TABLES;

--
-- Table structure for table `usuarios`
--

DROP TABLE IF EXISTS `usuarios`;
/*!40101 SET @saved_cs_client     = @@character_set_client */;
/*!40101 SET character_set_client = utf8 */;
CREATE TABLE `usuarios` (
  `id` int(11) NOT NULL AUTO_INCREMENT,
  `empresa_id` int(11) NOT NULL,
  `nombre` varchar(45) DEFAULT NULL,
  `mail` varchar(45) DEFAULT NULL,
  `activo_sn` varchar(1) DEFAULT NULL,
  `telefono` varchar(45) DEFAULT NULL,
  `avatar` mediumblob DEFAULT NULL,
  `password` char(60) DEFAULT NULL,
  `role` varchar(45) DEFAULT 'admin',
  `rolesId` int(11) DEFAULT NULL,
  `FechaCreacion` timestamp NULL DEFAULT current_timestamp(),
  `FechaModificacion` timestamp NULL DEFAULT NULL ON UPDATE current_timestamp(),
  PRIMARY KEY (`id`,`empresa_id`)
) ENGINE=InnoDB AUTO_INCREMENT=19 DEFAULT CHARSET=utf8 COLLATE=utf8_unicode_ci;
/*!40101 SET character_set_client = @saved_cs_client */;

--
-- Dumping data for table `usuarios`
--

LOCK TABLES `usuarios` WRITE;
/*!40000 ALTER TABLE `usuarios` DISABLE KEYS */;
INSERT INTO `usuarios` VALUES (1,1,'DynamizaTIC','soporte@dynamizatic.com','S','644279371','data:image/jpeg;base64,/9j/4AAQSkZJRgABAQEAAAAAAAD/4QAuRXhpZgAATU0AKgAAAAgAAkAAAAMAAAABAAAAAEABAAEAAAABAAAAAAAAAAD/2wBDAAoHBwkHBgoJCAkLCwoMDxkQDw4ODx4WFxIZJCAmJSMgIyIoLTkwKCo2KyIjMkQyNjs9QEBAJjBGS0U+Sjk/QD3/2wBDAQsLCw8NDx0QEB09KSMpPT09PT09PT09PT09PT09PT09PT09PT09PT09PT09PT09PT09PT09PT09PT09PT09PT3/wAARCADIAMgDASIAAhEBAxEB/8QAHwAAAQUBAQEBAQEAAAAAAAAAAAECAwQFBgcICQoL/8QAtRAAAgEDAwIEAwUFBAQAAAF9AQIDAAQRBRIhMUEGE1FhByJxFDKBkaEII0KxwRVS0fAkM2JyggkKFhcYGRolJicoKSo0NTY3ODk6Q0RFRkdISUpTVFVWV1hZWmNkZWZnaGlqc3R1dnd4eXqDhIWGh4iJipKTlJWWl5iZmqKjpKWmp6ipqrKztLW2t7i5usLDxMXGx8jJytLT1NXW19jZ2uHi4+Tl5ufo6erx8vP09fb3+Pn6/8QAHwEAAwEBAQEBAQEBAQAAAAAAAAECAwQFBgcICQoL/8QAtREAAgECBAQDBAcFBAQAAQJ3AAECAxEEBSExBhJBUQdhcRMiMoEIFEKRobHBCSMzUvAVYnLRChYkNOEl8RcYGRomJygpKjU2Nzg5OkNERUZHSElKU1RVVldYWVpjZGVmZ2hpanN0dXZ3eHl6goOEhYaHiImKkpOUlZaXmJmaoqOkpaanqKmqsrO0tba3uLm6wsPExcbHyMnK0tPU1dbX2Nna4uPk5ebn6Onq8vP09fb3+Pn6/9oADAMBAAIRAxEAPwD2WkxS0UANMYbqKpz6PZXP+ti3f8CP+NXqKabXUlxT6GDP4Ss5MmOSWMn3BFZV14QvI8m3ljmHoflJ/p+ors6KuNWa6mbowfQ8wu7G5sji5gePnGSOD+PSqZNesMiyIVZQykcgisPUfCNje5aAG2kPQp93/vn/AAxXRDEraSMJYZrWLOAJqImtbVPDt/pm5nj8yIf8tI+QPr3H+eaxia6oyUldM55RknZgTTCaCajJq7EgJGQ7lOD64rRtfFGqWPENwAv90xr/AIVlE0wmk4Rlui1JrZnWW3xFv4iPtNtBMB/dyhP8/wCVbVl8RNMuCFuo5rZu5I3KPy5/SvNSajJrOWFhLyNI1prqe42epWmoJvs7mKYd9jA4+vpVuvA47iW3kEkMjRyKchkJBH4iun0j4iajYlY74C8h/vE4cfj3/H865p4SS1jqbwxCejPVaKydG8R6frsW6zmBcDLRNw6/Uf1GR71rVyNNOzR0Jpq6CiiigYUUUUAFFFFABRRRQAUUUUAFFFFABRRRQAlc/q3g+y1EF4R9mnP8SD5T9R/hiuhopxk4u6ZMoqSszyTV9CvtIc/aYiYs4Eqcqf8AD8cVlE17bJGkqFJFDKRggjg1yWteA4LrdLprC3l/55nlD/h/niu2niukzkqYdrWJ52TUZNW9S0270ucxXkDRN2J6N9D0NUSa7ItSV0czTjowJqMmlJqImqACaYTQTTCaqwD4rmW2mWa3kaKVTlWQ4I/GvRvCnxDS6dLLWmWOY/Klx0Vv970Pv0+leYk0wmsqtGNRamkKjgz6Qpa8u8BeOWilj0rVZcxkhYJmP3f9lvb0Pbp06eo15NSm6crM74TU1dBRRRUFhRRRQAUUVz2q+IJ7O8e3hjT5MfM2TnIz/X3qoxcnZETmoK7OhorhJvEOoSZ/0gqPRQBVN9Yv/wDn8nH0kNarDSMfrMT0fNFeaDX9Rj+7ey/ic/zqVPGOqxdZUk/34wM/lT+rT6AsTE9Gorg4viDcJ/x8WcT/AO4xX+ea0bb4g6bJgXEc8B7nAYD8uf0qHQqLoaKtB9Tq6KzrLX9MvyBbXsLseiltrfkea0c1lZrc0TT2CiiigZWu7OC+tzDdQpLG3VXGRXEa58OT802jye/kSH+Tf4/nXoFFXCpKDumROmprU8DvbS4sJzDdwvDIP4WGM/8A1vzqqTXvV/pdpqluYb23SZOwYdPoeoP0rg9c+Gcg3S6PPvHXyJjz+Df4/nXfTxcZaS0OSeHa21PPiajJqzfWN3ps5hvLeSCQfwuMZ+nqPzqmTXZFpq6OdprRiE0wmgmoyasAJr174ceLDrFidOvJM3tsvDE8yR9M/UcA/h15rx4mrOk6tPo2q29/bEiSFt2M43DuD7EZFY4iiqkPM1pTcGfSVFVNOv4dT0+3vLZt0U6B1P1q3XiNWdj0E7hRRRQMK4bxE2NbuP8AgP8A6CK7muB8TNt125/4D/6CK3w/xnNifgXqZbvUDvQ71C713pHCNd6hd6HeoHerSAR3qu70rvULvVJDEd6vWHirVtJI+zXknlj/AJZyHev5Hp+GKyneoXem4RkrNDUpLVM9N0X4nW1yyw6tF9mkJwJUyyH6jqP1+orvFIZQQcg968u+H3hH7XImsahH+5U/6PGw++R/EfYdvfnpXqVeViFBStA9Ck5NXkFFFFYGoUUUUAVb3T7XUoDDeW8c0Z/hdc//AKq4bW/hXBNuk0e5MDnnypiWT8G6j8c16HRVwqzg/dZEqcZbo+fNY8NarohP26zkSMHAlUbk/wC+hxz+H0rHJr6YdFdSrAMp6gjrXN6p8PdA1XczWn2aRv47c7D+XT9K7aeO6TRzyw38rPByajJr0+/+Db5J0/VFI7LPH0/4EP8ACsaX4R+IUOEeykGeolI/mtdaxVJ9TJ0ZrodH8H9bM9hdaRM2Wtz5sQP9xvvfgG5/4FXpWK8s8F+ANf8AD3iO3v5ntFhUMkqiQkspHbjscHt0r1OvLxPL7RuDujrpX5dQooorA1A1554pfGv3Q/3f/QVr0M15v4rOPEV3/wAB/wDQVrow3xnPifgRku9V3eld6ru9egkcAjvULvSu9V3erSGI71A70O9Qu9UkAjvW/wCC/CzeI9S8ycMLGAgyt03H+4Pr39vQ4rJ0bSLjXtVisrUfMxyzEcIvcn/P617npOl22i6dFZ2qbY4xjJ6se5Puetc2Kr8i5VuzooU+Z3exaijSKNY41CooCqAOABUlFFeWdwVBcXMNpEZJnCKPWm3t7HY25lkPA4AHc1xV/fy305kmb/dUHha0p03N+RjVrKCstzaufFYBIt7fKjozN1/AU618WQOwW6iaI+qncP8AH+dcq71E711ewg1Y5fbzvc9KtruC7TfbyrIvqpzU9eWLcy28gkhkZHHRkOMVs2PjS7tsLdotwn94fKw/of0rGWHkttTeGIT+LQ7qisiw8S6dqGFjnEch/gl+U/4H8M1r1g01udCknsFFFFIYUUUUAFFFFABXmXi9seJbv/gH/oC16bXl3jJ8eJ7wf7n/AKAtdGF+P5HPifhRiO9QO9K71Xd69NI4Qd6ru9K71A71SQA71CA80ixRqzyOQqqBkkn09z0pHevRfht4VwBrd8nLDFsjDoO7/wBB+fpUVqipRuaU4OcrHS+DPDC+HdKAkAa8nw0zjsf7o9h/OuloorxpScm2z0YxUVZBTJJFijZ3YKqjJJ7U+uY8S6nl/scZ+UHMhHc+n4dacIuTsTUmoK7M3VdSe/uS/IiXhF9P/rms13od6id69CMVFWR5spOTuxHeoXeld6hc1oiQd6gd6V3qJ3qkgEd6u2PiPUtMwLe5YxjpG/zL+vT8MVmO9RO9DhGWjRSlJapndWXxHThdQtGU93hOR/3yf8TXRWXijSdQwIL6IOeiudh/I9fwrxx3qJ3rGWEg9tDeOIkt9T30MDyCMU6vBbbV7+w/49LyeEZztSQgH8K9N+H2sXmsaTO99OZpI5tisQBxtB7fjXLVw0qa5r6G9Ospu1jraKKK5zcO1eUeNDjxVe/8A/8AQFr1ftXknjhtvi29/wCAf+gLXThP4j9DnxPwowXeq7vTneq7vXqJHCDvUDvQ70WlrPqV7DaWqF5pmCqo/wA9B1p6JXYJNuyNzwZ4abxLrAEgIs4MNM3r6KPc/wAs969ujjWGNURQqKMKoHQCs3w5ocPh7SIrOHBYfNI+Pvuep/p9AK1q8evWdSXkejSp8i8wooorE1KOqXy6fZNJxvPCA9zXCyyM7lmJLMcknnNaXiDUftt6UU/u4jtX39T/AErGd67qELK73PPr1OaVlshHeoXenO9QO9dCMAc1C70O9RO9UkAjvULvQ71E700AjvULmld+tQu9Whg71A5pXfrULvVIAd69P+FHOi3h7faOP++RXlTvXrPwpjx4Znc/x3TY/BVH+Nc2M0pm+H+M7eiiivKO8K8f8dNt8X33/AP/AEWtewV4149bHjG//wCAf+i1rqwf8T5HPiPhRzzvUDvSu9QO9eqkcIjvXqfwz8MGytP7Yu0xPcLiEEconr9T/L61xfgfw0fEmtgTKfsdvh5m/veifj/LPevckCooVQAoGAB2rhxlb7C+Z14en9pj6KKK846wrK17UPsOnttOJJPlX29/wrVrg9f1D7dqDbTmOP5Fx39TWlKHNIxrT5Yma71C70rvUDvXopHnA71E79aHeoXeqSAR3qF3od6id6pIAd6gc0rvULvVIYO9QOaV3qJ3q0AjvULvQ71E71SARzXtnw5t/s/guzJGGlLyH8WOP0Arw4kngcnOB719F6JZf2dodlad4YEQ+5A5/XNcWPl7qR04aOrZfooorzDtCvFfiA2PGmof9s//AEWte1V4h8RHx421Ef8AXP8A9FrXXgv4nyOfE/CjnHemRRS3VzHBAjPLKwRFHOSTj9ajd69F+FfhrzZW1y6T5FylsCOp6F/6fia9GtUVODkctODnKx3PhTw/H4c0WGzXBlPzzOB95z1/Dt+FbdFFeI25O7PRSSVkFFFFIZma/f8A2DTHZTiST5E9iep/AZNefu9bPinUPtWpGFT+7g+UfXv/AIfhWC7130IcsbvqefXnzSsugjvUTvQ71C710JGAjvULvQ71E71SAHNQO9K71C71SQwd6gd6V3qJ3qkAjvULvQ71E71aAR3qF3pXeoXeqSA2vCGmnV/Fen2xGY/NEj5/ur8x/A4x+NfQteXfB/RiFvNYlX737iInuOrfh0H4GvUa8fGT5qll0O+hG0b9wooorlNw714X8Rmx441H/tn/AOi1r3TvXg3xKOPHeo/9sv8A0WtdmB/iP0OfEfCZWhaTNr+tW+n2+QZG+ZsZ2qOrflX0LYWUOn2UNpbIEhhUIijsBXE/C3w5/ZujtqlymLm8HyZHKx9vz6/TFd/U4ut7Sdlsh0Icqu92FFFFcpuFUdVvhp+nyz/xAYUerHpV6uN8Z3+6eKzQ8Rje+D3PT9M/nV04c0kjOpPli2c1JIXJYnJJ5J5zULvQ71C716iR5ojv1qJ3od6hd6pCEd6hd6c71A79apIYOagd6V3qF361SAHeoXeld6hd6pIBHeoXeh3qJ3qkAO9OsrSfUr+CztV3zTuEVexz/Qdarua9V+E/hQwwnXryPEkgK2ykdF7v9T0Htn1rOvVVKDfU0pwc2d/oulQ6LpFrp9v9yBAuf7x7n6k5P41oUUV4Td3c9FKysFFFFAxK8g1jw+3iP4wXdoQfs6GKS4I7II0yPqeB+NewVmWWjw2eq6jqC8zXzozH0VUVQP0J/GtKVT2bbXYiceayNBEWNFRVCoowAB0p9FFZlhRRRQBFcTpbwSTSHCIpZj7CvLb67a7upbh/vSMWPfH/ANYdK7Lxnf8Akactqpw855/3R/8AXwK4J3rtw0LLmZxYmd3bsI71E79aV3qB3rsRyg71C70rvUDvVJDBzUDvTneoXeqQCO9Qu9Od6gd6pAI71C70O9RO9UkAO9QO9K710fg7wVdeKrsO++HT42/ezY5b/ZX1P54+tKU1TV5bFRi5OyJ/AXg2TxPqQnuVZdNt2zI2MeYf7g/r6D0Jr3WKNIo1jRQqKAqqBgACq9hYW+mWMNnZxLFBEu1VXt/9f3q5Xi16zqyu9j0KcFBWCiiisTQKKKKACiiigAooooAKKKzddv8A+ztInnBw4Xan+8eB/j+FCV3ZCbsrnC+JtQ+3azMynMcf7tfw6/mc1iO9K79/xPvUDvXrwjyxSR5cneTbB3qF3pXeoXetEiRHeoneh3qF3pjEd6id6HeoXerSAHeoHenO9QO9UgB3qEkk4HUnAA711Gh+Adb11lcW5tbZuTLcArn6Dqf0HvXp/hr4f6V4d2zBPtV4vPnyj7p/2V6L+p9656mLhT0WrNoUZS9DhfCHwwudSMd5rqtbWn3lg6SSfX+6P1+levWlrBZW0dvaxJFDGNqogwFFT0V5dWtKq7s7YU1BaBRRRWRYUUUUAFFFFABRRRQAUUUUAFcR49vz5tvZrnAHmt754H9fzooragvfRjX+BnFO9RO9FFeojziBzUTmiiqGQOaic+lFFV0GENvLeSeXAm5j2yB/Ot60+HWv32GMMMCH+KSYEf8AjuaKK5a1acFobQgnudDYfCKMYbU9Rd/VLddv/jx/wFddpHhDRdFw9nYxiUdJX+d/zPT8MUUV59SvUluzsjTitkblFFFZlhRRRQAUUUUAFFFFABRRRQB//9k=','$2a$10$h4IRlVBCmCKZBH27d3rniuvHqoQch2ku5WWUi2XFP2qqWPzcxFUvm','admin',1,'2023-02-13 14:51:41','2023-02-13 15:47:17');
/*!40000 ALTER TABLE `usuarios` ENABLE KEYS */;
UNLOCK TABLES;

--
-- Dumping events for database 'pim'
--

--
-- Dumping routines for database 'pim'
--
/*!50003 DROP FUNCTION IF EXISTS `limpiaGuiones` */;
/*!50003 SET @saved_cs_client      = @@character_set_client */ ;
/*!50003 SET @saved_cs_results     = @@character_set_results */ ;
/*!50003 SET @saved_col_connection = @@collation_connection */ ;
/*!50003 SET character_set_client  = utf8mb4 */ ;
/*!50003 SET character_set_results = utf8mb4 */ ;
/*!50003 SET collation_connection  = utf8mb4_general_ci */ ;
/*!50003 SET @saved_sql_mode       = @@sql_mode */ ;
/*!50003 SET sql_mode              = 'NO_ZERO_IN_DATE,NO_ZERO_DATE,NO_ENGINE_SUBSTITUTION' */ ;
DELIMITER ;;
CREATE DEFINER=`root`@`localhost` FUNCTION `limpiaGuiones`(valor varchar(100)) RETURNS varchar(100) CHARSET utf8mb4 COLLATE utf8mb4_general_ci
BEGIN
 RETURN CONCAT(SUBSTR(valor, 1, POSITION("_" IN valor)-1),CONCAT(UCASE(LEFT(SUBSTRING(valor, position("_" IN valor) + 1, LENGTH(valor)), 1)), SUBSTRING(SUBSTRING(valor, position("_" IN valor) + 1, LENGTH(valor)), 2)));
END ;;
DELIMITER ;
/*!50003 SET sql_mode              = @saved_sql_mode */ ;
/*!50003 SET character_set_client  = @saved_cs_client */ ;
/*!50003 SET character_set_results = @saved_cs_results */ ;
/*!50003 SET collation_connection  = @saved_col_connection */ ;

--
-- Final view structure for view `columnasbbdd`
--

/*!50001 DROP TABLE IF EXISTS `columnasbbdd`*/;
/*!50001 DROP VIEW IF EXISTS `columnasbbdd`*/;
/*!50001 SET @saved_cs_client          = @@character_set_client */;
/*!50001 SET @saved_cs_results         = @@character_set_results */;
/*!50001 SET @saved_col_connection     = @@collation_connection */;
/*!50001 SET character_set_client      = utf8mb4 */;
/*!50001 SET character_set_results     = utf8mb4 */;
/*!50001 SET collation_connection      = utf8mb4_general_ci */;
/*!50001 CREATE ALGORITHM=UNDEFINED */
/*!50013 DEFINER=`root`@`localhost` SQL SECURITY DEFINER */
/*!50001 VIEW `columnasbbdd` AS select floor(rand() * (9999 - 1) + 1) AS `id`,`information_schema`.`columns`.`TABLE_NAME` AS `TABLE_NAME`,`LIMPIAGUIONES`(`LIMPIAGUIONES`(`information_schema`.`columns`.`COLUMN_NAME`)) AS `column_name`,`information_schema`.`columns`.`IS_NULLABLE` AS `is_nullable`,`information_schema`.`columns`.`COLUMN_KEY` AS `column_key`,`information_schema`.`columns`.`DATA_TYPE` AS `data_type` from `information_schema`.`columns` where `information_schema`.`columns`.`TABLE_SCHEMA` = 'pim' and `information_schema`.`columns`.`DATA_TYPE` not in ('datetime','mediumblob','timestamp') and `information_schema`.`columns`.`COLUMN_NAME` <> 'id' */;
/*!50001 SET character_set_client      = @saved_cs_client */;
/*!50001 SET character_set_results     = @saved_cs_results */;
/*!50001 SET collation_connection      = @saved_col_connection */;
/*!40103 SET TIME_ZONE=@OLD_TIME_ZONE */;

/*!40101 SET SQL_MODE=@OLD_SQL_MODE */;
/*!40014 SET FOREIGN_KEY_CHECKS=@OLD_FOREIGN_KEY_CHECKS */;
/*!40014 SET UNIQUE_CHECKS=@OLD_UNIQUE_CHECKS */;
/*!40101 SET CHARACTER_SET_CLIENT=@OLD_CHARACTER_SET_CLIENT */;
/*!40101 SET CHARACTER_SET_RESULTS=@OLD_CHARACTER_SET_RESULTS */;
/*!40101 SET COLLATION_CONNECTION=@OLD_COLLATION_CONNECTION */;
/*!40111 SET SQL_NOTES=@OLD_SQL_NOTES */;

-- Dump completed on 2023-04-05  8:33:23
